0,0,1,1,0,0,1,0,0,0
0,0,0,0,0,0,0,0,0,0
0,0,1,0,0,0,1,0,0,0
0,0,2,2,2,0,2,0,2,0
0,0,0,0,0,0,0,0,0,0
1,1,1,0,0,1,0,1,1,0
0,0,0,0,0,0,0,0,0,0
0,0,0,0,0,0,0,0,0,0
0,0,0,0,0,11,0,0,0,0
0,0,0,0,0,0,0,0,0,0
0,0,0,0,0,0,0,0,0,0
0,1,0,0,0,1,0,0,0,0
0,0,1,0,0,0,0,0,0,0
7,0,7,0,0,0,0,0,7,0
0,0,0,0,0,1,0,0,1,0
0,0,0,0,0,0,0,0,0,0
1,1,1,0,0,1,0,1,0,0
0,0,0,0,0,0,0,0,0,0
0,0,0,0,0,1,0,0,0,1
0,0,0,0,0,0,0,0,0,22
0,0,1,0,0,1,1,0,1,0
0,0,2,2,0,0,0,0,0,0
0,0,0,0,0,5,0,0,0,0
1,0,0,0,0,0,0,0,0,0
0,0,0,0,0,0,0,0,0,0
10,10,0,0,0,10,0,0,0,10
0,0,0,0,0,0,0,0,0,0
0,0,0,0,0,0,0,0,0,0
0,0,0,0,0,0,0,0,0,0
0,0,0,0,0,0,0,0,0,0
0,0,0,0,0,0,0,0,0,0
0,0,0,0,0,0,0,0,0,0
0,0,1,0,0,0,0,0,0,0
1,1,0,0,0,1,0,0,0,0
0,0,0,2,0,0,0,0,0,0
0,0,0,0,0,0,0,0,0,0
0,0,0,0,0,0,0,0,0,0
0,0,0,0,0,0,0,0,0,0
0,0,0,0,0,0,0,0,0,0
8,8,0,0,0,8,0,8,0,8
0,0,0,0,0,0,0,0,0,0
0,0,0,0,0,0,0,0,0,0
0,0,0,0,0,1,0,0,0,1
0,0,0,0,0,0,0,0,0,0
0,0,0,0,0,0,0,0,0,0
0,0,0,0,0,0,0,0,0,0
0,2,0,0,0,2,0,0,0,0
0,0,0,0,0,0,0,0,0,0
0,0,0,0,0,3,0,0,0,0
0,0,0,0,0,0,0,0,0,0
0,0,1,0,0,0,0,0,0,0
0,0,0,0,0,3,0,0,0,3
0,0,0,0,0,1,0,0,0,1
0,0,0,0,0,0,0,0,0,0
0,0,0,0,0,0,0,0,0,0
0,0,0,0,0,1,1,0,0,1
0,0,0,0,0,0,0,0,0,0
0,0,1,1,0,0,1,1,1,0
0,0,8,0,0,0,0,0,0,0
0,0,0,1,0,0,0,0,1,1
0,0,1,1,0,0,0,0,0,0
0,0,0,0,0,0,0,0,0,0
0,0,0,0,0,10,0,0,0,10
0,0,0,0,0,3,0,0,0,0
0,0,0,0,0,0,0,2,0,2
0,0,0,0,0,0,0,0,0,0
7,7,0,0,0,7,0,0,0,7
5,5,0,0,0,5,0,5,0,5
0,0,0,0,0,0,0,0,0,0
0,11,0,0,0,11,0,0,0,11
0,0,0,0,0,0,0,0,0,0
0,0,0,0,0,0,0,0,0,0
0,0,0,0,0,51,0,0,0,0
0,0,0,0,0,0,0,0,0,0
0,0,1,0,0,0,0,0,0,0
0,0,0,0,0,0,0,0,0,0
0,0,0,0,0,0,0,0,0,0
4,0,4,0,0,0,0,4,0,0
1,1,0,0,0,1,1,0,0,1
0,0,0,0,0,0,0,0,0,0
0,0,0,0,0,0,0,0,0,0
0,0,0,0,0,0,0,0,0,0
0,0,0,0,0,1,0,0,0,0
0,0,0,0,0,0,0,0,0,0
0,0,0,0,0,1,0,0,0,0
0,1,0,0,0,1,0,1,0,0
0,0,93,93,0,0,0,0,93,0
0,0,4,4,0,0,4,0,0,0
0,0,0,0,0,7,0,0,0,7
0,0,0,0,0,0,0,0,0,0
0,0,0,0,0,1,0,0,0,0
0,0,0,0,0,0,0,0,0,4
0,0,0,0,0,0,2,0,0,0
0,0,0,0,0,0,0,0,0,0
0,0,0,0,0,1,0,0,0,0
0,2,0,0,0,0,0,0,0,0
0,0,1,1,0,0,0,0,0,0
0,0,0,0,0,0,0,0,1,0
0,1,0,0,0,1,0,0,0,0
0,0,0,0,0,0,0,0,0,0
0,0,5,0,0,0,0,0,0,0
2,0,0,0,0,2,0,2,0,0
0,0,0,0,0,11,0,0,0,11
0,0,0,0,0,0,0,0,0,2
33,33,0,0,0,33,0,33,0,33
0,0,0,0,0,8,0,0,0,8
0,0,1,1,0,0,1,0,1,0
0,0,1,0,0,0,0,0,0,0
0,5,0,0,0,5,0,0,0,5
0,0,0,0,0,0,0,0,0,0
0,0,0,0,0,0,0,0,0,0
0,0,0,0,0,0,0,0,0,0
0,0,0,0,0,0,0,0,0,0
0,1,0,0,0,1,0,0,0,0
0,0,0,0,0,0,0,0,0,0
0,0,0,0,0,0,0,0,0,0
0,0,0,0,0,0,0,0,0,2
0,0,0,0,0,0,0,0,0,0
0,0,0,0,0,0,0,0,0,0
0,0,1,1,0,0,1,0,1,0
2,0,0,0,0,2,0,0,0,0
0,0,0,0,0,6,0,0,0,0
0,0,0,0,0,0,0,0,0,0
0,1,0,0,0,1,0,0,0,1
0,0,0,0,0,0,0,0,0,0
0,0,0,0,0,1,0,0,0,0
0,5,0,0,0,5,0,0,0,5
0,0,2,2,2,0,2,2,2,0
0,0,0,0,0,0,0,0,0,0
0,0,0,0,0,0,0,0,0,8
0,0,0,0,0,0,0,0,0,0
0,0,0,0,0,0,0,0,0,0
2,2,0,0,0,2,0,0,0,2
2,2,0,0,0,2,0,2,0,0
4,0,0,0,0,0,0,0,0,0
0,0,0,0,0,0,0,0,0,0
0,0,0,0,0,0,0,0,0,6
3,3,0,0,0,3,0,0,0,0
0,0,0,0,0,0,0,0,0,1
0,0,0,0,0,0,0,0,0,0
0,0,0,0,0,0,0,0,0,0
0,0,0,0,0,0,0,0,0,0
0,0,0,0,0,0,0,0,0,0
0,0,0,0,0,0,0,0,0,0
0,0,0,0,0,6,0,0,0,6
0,4,0,0,0,4,0,0,0,4
0,0,0,0,0,0,0,0,0,0
0,0,0,0,0,0,0,0,0,0
0,0,0,0,0,3,0,0,0,0
0,0,0,0,0,2,0,0,0,0
0,0,0,0,0,0,0,0,0,0
0,5,0,0,0,5,0,5,5,0
0,0,0,0,0,0,0,0,0,0
0,0,0,0,0,22,0,0,0,0
0,0,0,0,0,0,0,0,0,0
0,0,0,0,0,0,0,0,0,0
0,0,2,2,0,0,2,0,2,0
0,0,0,0,0,0,0,0,0,0
0,0,0,0,0,0,0,0,0,0
0,0,0,0,0,0,0,0,0,0
0,0,0,0,0,0,0,0,0,0
0,0,0,1,0,0,0,0,0,0
1,1,0,0,0,1,0,0,0,0
0,0,0,0,0,0,0,0,0,0
0,0,0,0,0,0,0,0,0,0
0,0,0,0,0,0,0,0,0,0
0,0,0,0,0,3,0,0,0,0
0,0,0,0,0,0,0,0,0,0
0,0,4,0,0,0,0,0,4,0
0,0,0,0,0,0,0,0,0,0
0,0,0,0,0,0,0,0,0,0
0,0,0,0,0,0,0,0,0,0
0,0,1,0,1,0,1,0,0,0
1,1,0,0,0,1,0,0,0,0
0,0,0,0,0,0,0,0,0,0
5,0,0,0,0,5,0,0,0,5
0,0,0,0,0,0,0,0,0,0
0,0,3,0,3,0,0,0,0,0
0,0,0,0,0,1,0,0,0,0
0,0,0,0,0,0,0,0,0,0
0,0,0,0,0,0,0,0,0,0
0,0,0,0,0,0,0,0,0,0
0,0,1,1,1,0,1,1,1,0
0,0,2,0,0,0,0,0,0,2
0,0,0,0,0,1,0,0,0,1
0,0,1,0,1,0,1,0,0,0
0,0,1,0,1,0,0,0,0,0
1,0,1,1,0,0,0,0,1,0
0,0,0,0,0,0,0,0,0,0
0,0,0,0,0,0,0,0,0,0
0,0,1,0,0,0,0,0,1,0
0,1,1,0,0,0,0,0,0,0
0,0,0,0,0,0,0,0,0,0
0,0,0,0,0,1,0,0,0,1
0,0,0,0,0,0,0,0,0,0
0,0,0,0,0,0,0,0,0,0
0,0,0,0,0,0,0,0,0,0
0,0,0,0,0,0,0,0,0,0
0,0,0,0,0,0,0,0,0,0
0,0,0,0,0,0,0,0,0,0
0,0,0,0,0,0,0,0,0,0
0,0,1,0,0,0,0,0,1,0
0,0,0,0,0,1,0,0,0,1
0,0,0,0,0,2,0,0,0,2
0,0,2,2,0,0,0,0,2,0
1,1,0,0,0,1,0,0,0,1
0,0,0,0,0,0,0,0,0,0
0,0,0,0,0,0,0,0,0,0
4,4,0,0,0,4,0,0,0,4
50,0,0,0,0,0,0,0,0,0
0,0,0,0,0,0,0,0,0,0
0,0,0,0,0,0,0,0,0,0
0,0,0,0,0,2,0,0,0,2
0,0,6,6,6,0,6,0,6,6
0,0,0,0,0,0,0,0,0,0
0,0,1,1,0,0,1,1,1,0
7,7,0,0,0,7,0,0,0,7
0,0,0,0,0,0,0,0,0,0
0,0,0,0,0,0,0,0,0,0
0,0,0,0,0,0,0,0,0,0
0,0,0,0,0,0,0,0,0,0
0,0,0,0,0,9,0,0,0,9
0,0,2,0,0,0,0,0,0,0
0,0,0,0,0,0,0,0,0,0
0,0,0,0,0,0,0,0,0,0
0,0,0,0,0,0,0,0,0,0
0,0,0,0,0,0,0,0,0,0
0,0,1,0,0,0,0,0,0,0
0,0,0,0,0,0,0,0,0,0
0,0,0,0,0,2,0,0,0,0
0,0,0,0,0,0,0,0,0,0
0,0,0,0,0,4,0,0,0,0
0,0,0,0,0,0,0,0,0,0
0,0,0,0,0,0,0,0,0,0
0,0,0,0,0,0,0,0,0,1
0,0,1,0,0,0,0,0,0,0
0,0,0,0,0,0,0,0,0,0
0,0,0,0,0,0,0,0,0,0
0,0,1,1,0,0,0,0,0,0
0,0,0,0,0,22,0,0,0,0
0,0,0,0,0,0,0,0,0,0
0,0,1,0,0,0,0,0,0,0
0,0,0,0,0,0,0,0,0,0
0,0,4,0,0,0,0,0,0,0
0,0,0,0,0,0,0,0,0,0
0,0,0,0,0,0,0,0,0,0
0,0,0,0,0,0,0,0,0,0
0,0,0,0,0,1,0,0,0,0
3,3,0,0,0,3,0,3,0,0
0,0,0,0,0,0,0,0,0,0
0,0,0,0,0,3,0,0,0,0
0,0,0,0,0,2,0,0,0,0
0,0,0,0,0,0,0,0,0,0
0,0,0,0,0,0,0,0,0,1
0,0,1,0,0,0,0,0,0,1
0,0,0,0,0,1,0,0,0,0
0,0,0,0,0,0,0,0,0,0
0,0,3,3,0,0,0,0,0,0
33,33,0,0,0,33,0,0,0,33
0,0,0,0,0,3,0,0,0,0
0,0,0,0,0,7,0,0,0,0
0,0,1,1,0,0,0,1,1,0
0,0,0,0,0,0,0,0,0,0
0,0,22,22,22,0,22,0,22,0
0,0,2,0,0,0,2,0,0,0
0,0,12,0,0,0,12,0,0,0
0,0,0,0,0,0,0,0,0,1
0,0,14,14,0,0,0,0,0,0
0,0,0,0,0,0,0,0,0,0
0,0,0,0,0,0,0,0,0,0
24,0,24,24,24,0,24,24,24,0
0,0,0,0,0,0,0,0,0,0
0,0,0,0,0,0,0,0,0,0
0,0,0,0,0,0,0,0,0,1
0,0,0,0,0,0,0,0,0,0
0,0,0,0,0,0,0,0,0,0
0,0,0,0,0,0,0,0,0,0
3,3,0,0,0,3,0,3,0,3
0,0,0,0,0,0,0,0,0,0
0,2,0,0,0,2,0,0,0,2
0,0,0,0,0,5,0,0,0,0
1,0,0,0,0,0,0,0,0,0
1,1,0,1,0,1,0,1,0,1
0,0,1,1,0,0,1,0,0,0
0,0,0,0,0,3,0,0,0,0
0,0,0,0,0,0,0,0,0,0
0,0,0,0,0,1,0,0,0,0
0,1,0,0,0,1,0,0,0,0
0,0,0,0,0,0,0,0,0,0
0,0,0,0,0,0,0,0,0,0
31,31,0,0,0,31,0,0,0,0
0,0,0,0,0,0,0,3,0,0
0,0,0,0,0,0,0,0,0,0
0,0,0,0,0,0,0,0,0,0
0,54,0,0,0,54,0,0,0,54
0,0,1,0,0,0,0,0,0,0
0,0,0,0,0,0,0,0,0,0
0,0,0,0,0,0,0,0,0,0
0,0,0,0,0,64,0,0,0,0
0,0,0,0,0,1,0,0,0,0
0,0,0,0,0,0,0,0,0,0
0,0,1,1,0,0,0,0,0,0
0,0,0,0,0,0,0,0,0,0
0,0,1,0,1,0,0,0,0,0
0,0,0,0,0,0,0,0,0,0
0,0,1,1,0,0,0,0,0,0
0,0,1,1,1,0,0,0,1,0
0,0,2,2,0,0,0,0,2,0
0,0,0,0,0,0,0,0,0,0
0,0,1,0,0,0,0,0,0,0
0,0,0,0,0,0,0,0,0,0
0,0,0,0,0,0,0,0,0,0
0,0,0,0,0,0,0,0,0,0
0,0,0,0,0,0,0,0,0,0
0,0,0,0,0,0,0,0,0,0
0,0,0,0,0,0,0,0,0,0
0,0,0,0,0,6,0,0,0,0
0,0,0,0,0,0,0,0,0,0
0,0,0,0,0,1,0,0,0,0
0,0,1,0,1,0,1,0,0,0
0,0,0,0,0,0,0,0,0,0
0,0,0,0,0,0,0,0,0,0
0,1,0,0,0,1,0,1,0,1
1,0,1,1,0,0,1,0,1,0
0,0,0,0,0,1,0,0,0,1
0,0,0,0,0,1,0,0,0,0
0,0,0,0,0,0,0,0,0,0
4,4,4,4,0,4,0,0,0,4
0,0,0,0,0,0,0,0,0,0
0,0,0,0,0,0,0,0,0,0
0,0,0,0,0,0,0,0,0,0
0,0,0,0,0,0,0,0,0,0
0,0,0,0,0,0,0,0,0,0
0,0,0,0,0,3,0,0,0,3
1,0,1,1,1,0,0,0,1,0
0,0,0,8,0,0,0,0,0,0
0,0,0,0,0,0,0,0,0,0
0,0,0,0,0,0,0,0,0,0
0,0,0,0,0,1,0,0,0,0
0,0,0,0,0,0,0,0,0,0
0,0,1,0,0,0,0,0,0,0
0,0,0,0,0,0,0,0,0,0
0,0,0,0,0,0,0,0,0,0
2,0,0,0,0,0,0,0,0,0
0,0,0,0,0,0,0,0,0,0
0,0,0,0,0,0,0,0,0,0
0,0,0,0,0,0,0,0,0,0
0,3,0,0,0,3,0,0,0,3
0,0,0,0,0,0,0,0,0,0
0,0,0,0,0,0,0,0,0,0
0,0,0,0,0,2,0,2,0,0
0,0,0,0,0,1,0,0,0,0
0,0,0,0,0,1,0,0,0,1
5,5,0,0,0,5,0,5,0,0
0,0,0,0,0,0,0,0,0,0
0,0,0,0,0,1,0,0,0,0
0,0,0,0,0,0,0,0,0,0
0,0,5,0,5,0,5,0,0,0
0,0,0,0,0,0,0,0,0,0
0,0,0,0,0,0,0,0,0,0
0,0,0,0,0,0,0,0,0,0
0,0,3,3,0,0,0,0,3,0
0,0,0,0,0,0,0,0,0,0
4,4,0,0,0,4,0,4,0,4
0,0,0,0,0,0,0,0,0,0
0,0,0,0,0,0,0,0,0,0
0,0,0,0,0,0,0,0,0,0
1,0,1,0,0,1,0,0,1,0
0,0,0,0,0,1,0,0,0,0
0,0,1,0,0,0,0,0,0,0
0,0,0,0,0,1,0,0,0,0
0,0,0,0,0,0,0,0,0,0
0,0,0,0,0,0,0,0,0,0
0,0,0,0,0,0,0,0,0,0
0,0,0,0,0,4,0,0,0,0
0,1,0,0,0,1,0,0,0,0
0,0,1,1,0,0,0,0,0,0
0,0,0,0,0,5,0,0,0,0
0,0,0,0,0,2,0,0,0,0
0,0,0,0,0,0,0,0,0,0
0,0,0,0,0,0,0,0,0,0
0,0,1,0,1,0,0,0,1,0
0,0,1,1,0,0,1,0,0,0
0,0,0,0,0,0,0,0,5,5
0,0,0,0,0,0,0,0,0,0
0,0,0,0,0,0,0,0,0,0
1,0,1,0,0,1,0,0,0,0
0,0,0,0,0,7,0,0,0,0
0,0,0,0,0,0,0,0,0,0
0,0,0,0,0,0,0,0,0,0
0,0,0,0,0,0,0,0,0,0
0,0,0,0,0,0,0,0,0,0
0,0,0,0,0,0,0,0,0,0
0,0,0,0,0,1,0,0,0,1
0,0,0,0,0,0,0,0,0,0
0,0,0,0,0,1,0,0,0,0
0,0,0,0,0,0,0,0,0,0
0,0,0,0,0,2,0,0,0,0
0,0,0,0,0,0,0,0,0,0
0,0,0,0,0,0,0,0,0,0
0,0,0,0,0,0,0,0,0,0
0,0,0,0,0,0,0,0,0,0
0,0,0,0,0,0,0,0,0,0
0,0,0,0,0,0,0,0,0,0
0,0,0,0,0,0,0,0,0,0
0,0,78,0,0,0,78,0,78,0
0,0,0,0,0,0,0,0,0,0
2,0,0,0,0,2,0,0,0,2
0,0,0,0,0,0,0,0,0,0
0,0,0,0,0,0,0,0,0,0
0,1,0,1,0,1,0,0,0,0
0,0,3,0,0,0,0,0,3,0
28,28,0,0,0,28,0,0,0,28
0,0,0,0,0,0,0,0,0,0
0,0,0,0,0,0,0,0,0,0
0,0,0,0,0,2,0,0,0,0
0,0,0,0,0,0,0,0,0,0
0,0,0,0,0,0,0,0,0,0
0,0,3,3,3,0,0,0,3,0
0,0,0,0,0,0,0,0,0,0
0,0,0,0,0,0,0,0,0,0
0,0,0,0,0,0,0,0,0,0
0,9,0,0,0,9,0,0,0,9
0,0,0,3,0,3,0,0,0,0
0,0,0,0,0,0,0,0,0,0
0,0,0,0,0,0,0,0,0,0
0,0,0,0,0,0,0,0,0,0
4,4,0,0,0,4,0,4,0,4
0,0,0,0,0,0,0,0,0,0
0,0,0,0,0,1,0,0,0,0
0,0,0,0,0,0,0,0,0,0
0,0,0,0,0,0,0,0,0,3
0,0,0,0,0,1,0,0,0,0
0,0,0,0,0,0,0,55,0,0
0,0,0,0,0,0,0,0,0,0
0,0,0,0,0,0,0,0,0,0
0,0,5,5,5,0,5,0,5,0
0,0,0,0,0,0,0,0,0,0
1,1,0,0,0,1,0,1,0,1
0,0,0,0,0,0,0,0,0,0
0,0,0,0,0,0,0,0,1,0
0,0,0,6,6,6,0,0,0,0
0,0,0,0,0,0,0,0,0,0
0,0,0,0,0,0,0,0,0,0
0,0,0,0,0,0,0,0,0,0
0,0,2,0,2,0,2,0,0,0
0,0,0,0,0,0,0,0,0,0
0,0,0,0,0,0,0,0,0,0
0,0,0,0,0,0,0,0,0,0
0,0,0,0,0,0,0,0,0,2
0,0,0,0,0,0,0,0,0,0
2,2,0,0,0,2,0,0,2,0
0,0,0,0,0,0,0,0,0,0
0,0,0,0,0,0,0,0,0,0
0,0,0,0,0,1,0,0,0,0
0,0,0,0,0,0,0,0,0,0
0,0,2,0,0,0,2,2,2,0
5,0,0,0,0,0,0,0,0,0
0,0,0,0,0,0,0,0,0,0
56,0,0,0,0,0,0,0,0,0
0,0,0,0,0,0,0,0,0,0
0,0,1,0,0,0,0,0,0,0
0,0,0,0,0,0,0,0,0,2
0,17,0,0,0,17,0,17,0,17
1,0,0,0,0,1,0,0,0,1
0,0,0,0,0,8,0,0,0,0
0,0,0,0,0,0,0,0,0,0
0,0,0,0,0,0,0,0,0,0
0,0,0,0,0,0,0,0,0,0
0,0,0,0,0,2,0,0,0,0
0,0,5,0,0,0,5,0,0,0
0,0,0,0,0,2,0,0,0,0
0,0,0,0,0,3,0,0,0,3
0,0,0,0,0,0,0,0,0,0
0,0,2,0,0,0,0,0,0,0
0,0,0,0,0,0,0,0,0,0
0,0,0,0,0,0,0,0,0,1
0,0,0,0,0,0,0,0,0,0
0,0,0,0,0,0,0,0,0,0
0,0,0,0,0,0,0,0,0,0
0,0,0,0,0,0,0,0,0,0
0,0,0,0,0,1,0,0,0,0
0,0,0,0,0,0,0,0,0,0
0,0,0,0,0,2,0,0,0,0
0,0,0,0,0,0,0,0,0,0
0,0,0,0,0,5,0,0,0,5
0,0,1,0,0,0,1,1,1,0
0,0,0,0,0,0,0,0,0,0
0,0,0,0,0,21,0,0,0,0
0,0,0,0,0,1,0,0,0,1
0,0,5,5,0,0,0,0,5,0
0,0,2,2,0,0,0,0,2,0
0,0,5,5,0,0,0,5,0,0
0,0,0,0,0,0,0,0,0,0
0,1,0,0,1,1,0,0,0,1
0,0,0,0,0,0,0,0,0,23
0,0,0,0,0,0,0,0,0,0
0,0,0,0,0,0,0,0,0,0
0,0,0,0,0,0,0,0,10,0
1,1,1,0,0,1,0,1,1,0
0,0,1,1,0,0,0,0,0,0
0,0,0,0,0,2,0,0,0,0
0,0,0,0,0,0,0,0,0,0
0,0,0,0,0,0,0,0,0,0
0,0,0,0,0,0,0,0,0,0
1,0,0,0,0,1,0,0,0,0
0,0,1,1,1,0,0,0,1,0
0,0,0,0,0,1,0,0,0,0
1,1,0,0,0,1,0,0,0,0
0,1,0,0,0,1,0,0,0,0
0,0,0,0,0,0,0,0,0,0
0,0,0,0,0,0,0,0,0,0
0,0,4,4,0,0,0,0,0,0
0,0,0,0,0,0,0,0,0,0
0,0,0,0,0,1,0,0,0,1
0,0,0,0,0,3,0,0,0,3
0,0,0,0,0,0,0,0,0,0
0,0,1,1,0,0,0,0,0,0
0,0,0,0,0,23,0,0,0,23
0,0,0,0,0,0,0,0,45,0
6,0,6,0,0,0,0,0,0,0
0,0,0,0,0,0,0,0,0,0
0,0,1,0,0,1,0,1,1,0
0,0,0,0,0,0,0,0,0,0
8,8,0,0,0,8,0,0,0,8
0,0,0,0,0,0,0,0,0,0
0,3,0,0,0,3,0,0,0,0
0,0,0,0,0,0,0,0,0,0
0,0,2,0,0,0,0,0,0,0
0,0,0,0,0,0,0,0,0,0
0,26,0,0,0,26,0,0,0,0
0,0,0,0,0,1,0,0,0,0
0,0,0,0,0,1,0,0,0,0
2,0,2,0,0,2,0,0,2,0
0,0,0,0,0,0,0,0,0,0
0,0,3,3,0,0,3,3,3,0
1,0,1,0,0,0,0,0,1,0
0,0,1,0,0,0,0,0,0,0
0,0,0,0,0,0,0,0,0,0
0,0,10,0,0,0,0,0,0,0
0,0,0,0,0,0,0,0,0,0
0,1,0,0,0,1,0,0,0,0
0,0,0,0,0,40,0,0,0,0
0,0,0,0,0,2,0,0,0,0
0,0,0,0,0,26,0,0,0,0
0,0,1,0,0,0,0,0,1,0
0,0,0,0,0,0,0,0,0,0
0,0,0,0,0,0,0,0,0,0
0,0,0,0,0,0,0,0,0,0
0,0,0,0,0,0,0,0,0,0
18,18,0,0,0,18,0,0,0,18
0,0,1,0,1,0,1,0,1,0
0,0,0,0,0,0,0,0,0,0
0,0,0,0,0,0,0,0,0,0
0,0,0,0,0,0,0,0,0,0
0,0,0,0,0,0,0,0,2,0
0,0,1,0,0,0,0,0,0,0
0,0,2,0,0,0,0,0,2,0
0,0,0,0,0,0,0,0,0,0
0,0,0,0,0,1,0,0,0,0
0,0,0,0,0,0,0,0,0,0
25,25,0,0,0,25,0,25,0,25
0,0,0,0,0,0,0,0,0,0
1,0,0,0,0,0,0,0,0,0
0,0,0,0,0,0,0,0,0,0
0,0,6,6,0,0,6,0,6,0
0,0,0,0,0,0,0,0,0,0
4,0,0,0,0,0,0,0,0,0
0,0,0,0,0,0,0,0,0,0
0,0,0,0,0,0,0,0,0,0
0,0,0,0,0,2,0,0,0,0
0,0,0,0,0,0,0,0,0,0
0,0,0,0,0,3,0,0,0,0
0,0,0,0,0,12,0,0,0,0
0,0,0,0,0,0,0,0,0,0
0,0,0,0,0,1,0,0,0,0
0,0,0,0,0,0,0,0,0,0
0,0,0,0,0,0,0,0,0,0
0,0,0,0,0,5,0,0,0,0
0,0,0,0,0,0,0,0,0,6
0,0,0,0,0,0,0,0,0,0
0,0,0,0,0,0,0,0,0,0
0,0,0,0,0,4,0,0,0,0
0,0,0,0,0,0,0,0,0,0
0,0,1,1,1,0,1,0,1,0
0,0,0,0,0,11,0,0,0,0
0,0,0,0,0,0,0,0,0,0
0,0,2,0,0,0,0,0,0,0
0,0,0,0,0,0,0,0,0,0
4,4,0,0,0,4,0,0,0,4
0,0,0,0,0,0,0,0,0,0
0,0,1,0,0,0,0,0,0,0
0,0,0,0,0,0,0,0,0,0
0,0,0,0,0,0,0,0,0,0
0,0,0,0,0,1,0,0,0,0
0,0,0,0,0,0,0,0,0,0
0,0,0,0,0,64,0,0,0,0
0,0,0,0,0,0,0,0,0,0
0,0,0,0,0,0,0,0,0,0
0,0,2,0,0,0,0,0,0,0
0,0,0,0,0,0,0,0,0,0
0,0,0,0,0,33,0,0,0,0
0,0,0,0,0,0,0,0,0,0
0,0,0,0,0,0,0,0,0,0
0,0,0,0,0,0,0,0,0,0
0,0,0,0,0,1,0,0,0,0
0,0,0,0,0,0,0,0,0,0
0,0,0,0,0,0,0,0,0,1
0,0,0,0,0,0,0,0,0,0
0,0,0,0,0,0,0,0,0,0
0,0,0,0,0,0,0,0,0,0
0,0,0,0,0,0,0,0,0,0
6,0,0,0,0,0,0,0,0,0
0,0,0,0,0,0,0,0,0,0
0,3,0,0,0,3,0,0,0,3
0,0,0,0,0,0,0,0,0,0
0,0,1,0,1,0,0,0,1,0
0,0,1,0,1,0,1,0,1,0
0,0,0,0,0,0,0,0,0,0
0,0,0,0,0,0,0,0,0,0
0,0,0,0,0,1,0,0,0,1
0,0,0,0,0,0,0,0,0,0
6,0,0,0,0,0,0,0,0,0
0,0,0,0,0,0,0,0,0,0
0,1,0,0,0,1,0,0,0,0
0,0,0,0,0,0,0,0,0,0
0,0,0,0,0,6,0,0,0,0
0,0,0,0,0,1,0,0,0,1
0,0,0,0,0,1,0,0,0,1
1,1,0,0,0,1,0,1,0,0
0,0,1,0,0,0,0,0,0,0
0,0,0,0,0,0,0,0,0,0
0,0,0,0,0,0,0,0,0,0
0,0,1,0,0,0,0,0,0,0
0,0,0,0,0,0,0,0,0,0
0,0,0,0,0,0,0,0,0,0
0,0,0,0,0,0,0,0,0,0
3,3,0,0,0,3,0,3,3,0
0,0,0,0,0,0,0,0,0,0
0,1,0,1,1,1,1,0,1,1
0,0,0,0,0,0,0,0,0,0
0,0,0,0,0,0,0,0,0,0
0,0,0,0,0,0,0,0,0,0
0,2,0,0,0,2,0,2,0,0
0,6,0,0,0,6,0,0,0,0
0,0,0,0,0,0,0,0,0,0
0,0,0,0,0,0,0,0,0,0
0,0,0,0,0,0,0,0,0,0
16,0,0,0,0,0,0,0,0,0
12,0,0,0,0,0,0,0,0,0
0,0,0,0,0,0,0,0,0,0
0,0,0,0,0,0,0,0,0,0
0,0,3,3,0,0,0,0,0,0
0,0,0,0,0,0,0,0,0,0
0,0,0,0,0,0,0,0,0,0
15,0,0,0,0,0,0,0,0,0
0,0,0,0,0,0,0,0,0,0
0,0,0,0,0,0,0,0,0,0
0,0,2,0,0,0,0,0,0,0
0,0,0,0,0,0,0,0,0,0
0,0,1,0,0,0,0,0,0,0
0,0,0,0,0,1,0,0,0,0
0,0,0,0,0,0,0,0,0,0
0,21,0,0,0,21,0,0,0,21
0,0,0,0,0,0,0,0,0,0
0,1,0,0,0,1,0,0,0,1
0,0,0,0,0,0,0,0,0,0
0,0,0,0,0,0,0,0,0,0
0,0,0,0,0,0,0,0,0,0
0,0,1,0,0,0,0,0,0,0
0,0,0,0,0,14,0,0,0,0
0,0,0,0,0,0,0,0,0,0
7,7,0,0,0,7,0,7,0,7
0,0,0,0,0,0,0,0,0,0
0,0,0,0,0,0,0,0,0,0
0,0,0,0,0,2,0,0,0,2
0,0,0,0,0,1,0,0,0,1
0,0,0,0,0,0,0,0,0,0
0,0,0,0,0,0,0,0,0,0
0,0,5,0,0,0,5,0,0,0
0,6,0,0,0,6,0,0,0,6
0,0,0,0,0,3,0,0,0,0
0,0,0,0,0,0,0,0,0,1
0,0,0,0,0,0,0,0,0,0
0,0,0,0,0,0,0,0,0,0
0,0,0,0,0,0,0,0,0,0
0,0,0,0,0,0,0,0,0,0
0,0,0,0,0,0,0,0,0,0
0,0,0,0,0,0,0,0,0,0
0,0,0,0,0,0,0,0,0,0
0,0,0,0,0,0,0,0,0,0
0,0,1,1,0,0,0,0,1,0
0,0,0,0,0,0,0,0,0,0
4,0,0,0,0,0,0,0,0,0
0,0,0,0,0,0,0,0,0,0
0,0,2,0,0,0,2,0,0,0
0,0,0,0,0,0,0,0,0,0
0,0,0,0,0,5,0,0,0,0
0,0,0,0,0,0,0,3,0,0
0,0,0,0,0,0,0,0,0,0
16,16,0,0,0,16,0,0,0,16
9,0,9,0,0,0,0,0,0,0
0,0,0,0,0,0,0,0,0,0
0,0,0,0,0,0,0,0,0,0
0,0,0,0,0,0,0,0,0,0
0,0,3,3,0,0,3,3,3,0
0,0,0,0,0,0,0,0,0,15
0,0,0,0,0,0,0,0,0,0
0,0,10,0,0,0,0,0,0,0
0,0,0,0,0,0,0,0,0,0
0,0,4,4,0,0,0,0,0,0
0,0,0,0,0,0,0,0,0,0
0,0,0,0,0,0,0,0,0,0
0,0,0,0,0,0,0,0,0,4
0,0,0,0,0,0,0,0,0,0
0,0,0,0,0,0,0,0,0,0
1,1,0,0,0,1,0,0,0,1
0,0,0,0,0,0,0,0,0,0
0,0,0,0,0,0,0,0,0,0
0,0,1,1,0,0,0,0,0,0
2,2,0,0,0,2,0,2,0,0
0,0,0,0,0,0,0,0,0,0
1,0,0,0,0,1,0,0,0,0
0,0,0,0,0,0,0,0,0,0
0,0,0,0,0,2,0,0,0,0
0,0,0,0,0,0,0,0,0,0
3,0,0,0,0,3,0,0,0,3
0,0,0,0,0,0,0,1,0,0
1,0,0,0,0,1,0,0,0,0
0,0,0,0,0,0,0,0,0,0
0,0,1,1,0,0,0,0,0,0
0,0,0,0,0,0,0,0,0,0
0,0,1,0,0,0,0,0,1,0
0,0,0,0,0,0,0,0,0,0
0,0,0,0,0,0,0,0,0,0
0,0,0,0,0,0,0,0,0,0
0,0,0,0,0,0,0,0,0,1
0,0,0,0,0,0,0,0,0,0
0,0,0,0,0,0,0,0,0,0
0,0,2,0,0,2,0,0,0,0
0,0,0,0,0,25,0,0,0,0
0,0,0,0,0,0,0,0,0,0
0,0,0,0,0,0,0,0,0,0
0,0,0,0,0,0,0,0,0,0
0,0,0,0,0,0,0,0,0,0
0,0,0,0,0,0,0,0,0,0
0,0,0,0,0,0,0,0,0,0
0,0,0,0,0,0,0,0,0,0
0,0,0,0,0,0,0,0,0,0
0,0,2,2,2,0,2,0,2,0
0,0,0,0,0,0,0,0,0,0
0,0,1,0,0,0,0,1,0,0
0,1,0,0,0,1,0,0,0,1
0,0,0,0,0,29,0,0,0,0
0,0,1,1,0,0,0,0,0,0
0,0,0,0,0,0,0,0,0,1
0,0,0,0,0,0,0,0,0,0
0,0,0,0,0,0,0,0,0,0
0,0,0,0,0,0,0,0,0,0
0,0,0,0,0,0,0,0,0,0
3,3,0,0,0,3,0,0,0,0
0,0,0,0,0,0,0,0,0,0
0,0,0,0,0,0,0,0,0,0
0,0,0,0,0,0,0,0,0,0
0,0,0,0,0,0,0,0,0,0
0,0,0,0,0,0,0,0,0,0
0,0,3,3,3,0,0,0,3,0
0,0,0,0,0,0,0,0,0,0
0,0,0,0,0,0,0,0,0,0
0,0,0,0,0,1,0,0,0,0
0,0,0,0,0,0,0,0,0,0
0,0,14,14,0,0,0,0,14,0
0,0,0,0,0,0,0,0,0,0
1,1,0,0,0,1,1,0,1,1
0,0,1,0,0,0,0,1,0,0
1,0,0,0,0,0,0,0,0,0
0,0,0,0,0,0,0,0,0,0
0,0,0,0,0,12,0,0,0,0
0,0,0,0,0,0,0,0,0,0
0,0,0,0,0,0,0,0,0,0
0,0,0,0,0,0,0,0,0,0
0,0,0,0,0,0,0,0,0,0
0,0,0,0,0,1,0,0,0,1
0,0,0,0,0,0,0,0,0,0
0,0,0,0,0,0,0,0,0,0
0,0,0,0,0,0,0,0,0,0
1,1,0,0,0,1,0,1,0,1
0,0,0,0,0,0,0,0,0,0
0,0,0,0,0,19,0,0,0,0
0,0,0,0,0,0,0,0,0,0
0,0,0,0,0,0,0,0,0,0
0,0,0,0,0,0,0,0,0,0
0,0,0,0,0,1,0,0,0,1
5,5,0,0,0,5,0,0,0,5
0,0,0,0,0,2,0,0,0,0
0,0,0,0,0,0,0,0,0,0
0,0,0,0,0,0,0,0,0,0
0,0,0,0,0,7,0,0,0,0
0,0,0,0,0,0,1,0,0,0
0,0,0,0,0,0,0,0,0,0
0,0,0,0,0,0,0,0,0,0
0,0,0,0,0,0,0,0,0,0
0,0,0,0,0,1,0,0,0,1
0,0,1,1,1,0,0,0,1,0
0,0,0,0,0,1,0,0,0,1
0,0,0,0,0,0,0,0,0,0
0,0,0,0,0,0,0,0,0,0
0,0,0,0,0,0,0,0,0,0
0,0,0,0,0,0,0,0,0,0
0,0,0,0,0,0,0,0,0,0
0,0,0,0,0,0,0,0,0,0
2,2,0,0,0,2,0,2,0,0
0,0,2,0,0,0,0,0,0,0
0,0,0,0,0,1,0,0,0,1
0,0,1,0,1,0,0,0,0,0
0,0,0,0,0,1,0,0,0,0
0,0,0,0,0,2,0,0,0,0
1,1,0,0,0,1,0,1,0,1
0,0,0,0,0,0,0,0,0,0
15,15,0,0,0,15,15,15,0,15
0,0,0,0,0,3,0,0,0,0
0,0,1,1,0,0,0,0,1,0
0,0,0,0,0,0,0,0,0,0
0,0,0,0,0,0,0,0,0,0
0,0,1,0,0,0,0,0,0,0
3,0,0,0,0,0,0,0,0,0
13,0,13,13,13,0,13,13,13,0
0,0,1,1,0,0,0,0,1,0
0,0,0,0,0,0,0,0,0,0
0,0,0,0,0,0,0,0,0,0
0,0,0,0,0,0,0,0,0,0
0,0,0,0,0,0,0,0,0,0
0,0,0,0,0,1,0,0,0,1
3,0,0,0,0,3,0,0,0,0
0,0,0,0,0,11,0,0,0,11
0,0,1,0,0,0,0,0,0,0
0,0,0,0,0,0,0,0,0,0
0,0,0,1,0,0,0,0,0,0
0,0,0,0,0,0,0,0,0,0
1,0,0,0,0,0,0,0,0,1
0,0,0,0,0,0,0,0,0,0
0,0,0,0,0,0,0,0,0,0
5,5,0,0,0,5,0,5,0,5
0,0,0,0,0,0,1,1,1,0
0,0,0,0,0,0,0,0,0,0
0,0,0,0,0,2,0,0,0,0
0,1,0,0,0,1,0,1,0,0
0,0,0,0,3,0,0,0,0,0
5,5,0,0,0,5,0,0,0,5
0,0,0,0,0,0,0,0,0,0
0,0,0,0,0,0,0,0,0,0
0,0,0,0,0,1,0,0,0,0
0,0,0,0,0,0,0,0,0,0
0,0,0,0,0,0,0,0,0,0
0,0,0,0,0,0,0,0,0,1
0,0,0,0,0,1,0,0,0,0
0,0,0,0,0,0,0,0,0,0
0,0,0,0,0,0,0,0,0,0
0,0,1,0,0,0,0,0,0,0
0,0,0,0,0,0,0,0,0,0
0,0,3,0,0,0,0,0,0,0
0,0,0,0,0,0,0,0,0,0
0,0,0,0,0,3,0,0,0,3
0,0,0,0,0,8,0,0,0,8
0,0,0,0,0,0,0,0,0,0
0,0,0,0,0,0,0,0,0,0
11,11,0,0,0,11,0,11,0,0
0,0,0,0,0,0,0,0,0,0
0,0,0,0,0,0,0,0,0,0
0,0,0,0,0,0,0,0,0,0
0,0,0,0,0,0,0,0,0,0
0,47,0,0,0,47,0,0,0,47
0,0,0,0,0,0,0,0,0,0
0,0,0,0,0,0,0,0,0,0
0,0,2,2,0,0,0,0,0,0
0,0,0,0,0,0,0,0,0,0
0,0,0,0,0,0,0,0,0,0
0,0,0,0,0,0,0,0,0,0
0,0,0,0,0,0,0,0,0,0
0,0,0,0,0,0,0,0,0,0
0,0,0,0,0,0,0,0,0,0
0,0,0,0,0,0,0,0,0,0
1,1,0,0,0,1,0,0,0,0
0,0,0,0,0,1,0,0,0,1
0,0,1,1,0,1,0,0,0,0
0,0,0,0,0,0,0,0,0,0
4,0,0,0,0,4,0,0,0,0
0,0,0,0,0,0,0,0,0,0
0,0,1,0,0,0,0,0,0,1
0,0,0,0,0,0,0,0,0,0
0,0,1,1,1,0,1,0,1,0
0,0,0,0,0,0,0,0,0,0
0,0,0,0,0,0,0,0,0,0
0,0,0,0,0,1,0,0,0,0
0,0,0,0,0,0,0,0,0,0
0,0,0,0,0,0,0,0,0,0
0,0,0,0,0,0,0,0,0,0
0,0,0,0,0,12,0,0,0,0
0,0,0,0,0,0,0,0,0,0
0,0,0,0,0,1,0,0,0,0
0,0,10,0,10,0,0,0,0,0
0,0,0,0,0,0,0,0,0,0
0,0,0,0,0,0,0,0,0,0
0,0,0,0,0,3,0,0,0,3
0,0,0,0,0,0,0,0,0,0
0,0,0,0,0,2,0,0,0,0
0,0,0,0,0,0,0,0,0,0
0,0,0,0,0,0,0,0,0,0
0,0,0,0,0,0,0,0,0,1
8,0,0,0,0,8,8,0,0,8
0,0,0,0,0,0,0,0,0,0
0,0,0,0,0,0,0,0,0,0
0,0,0,0,0,0,0,0,0,0
0,0,0,0,0,0,0,0,0,0
0,0,0,0,0,1,0,0,0,0
0,0,0,0,0,0,0,0,0,0
0,0,0,0,0,0,0,0,0,0
0,0,0,0,1,0,0,0,0,1
0,0,0,0,0,0,0,0,0,0
0,0,0,0,0,0,5,5,0,0
0,0,0,0,0,0,0,0,0,0
0,0,0,0,0,4,0,0,0,0
0,0,0,0,0,0,0,0,0,0
3,0,3,0,0,0,0,0,0,3
0,0,0,0,0,0,0,0,0,0
0,0,0,0,0,0,0,0,0,0
0,0,0,0,0,0,0,0,0,0
0,0,4,0,0,0,0,0,0,0
0,0,0,0,0,0,0,0,0,0
0,0,0,0,0,0,0,0,0,0
0,0,1,0,0,0,0,0,0,0
0,0,0,0,0,0,0,0,0,0
0,0,0,0,0,0,0,0,0,0
0,0,0,0,0,8,0,0,0,8
0,0,0,0,0,0,0,0,0,0
0,0,1,0,1,0,0,0,0,0
0,0,0,0,0,0,0,0,0,0
0,0,0,0,0,0,0,0,0,0
0,0,0,0,0,0,0,0,0,0
0,0,0,0,0,0,0,0,0,0
0,0,0,0,0,0,0,0,0,0
0,1,0,0,0,1,0,1,0,1
3,3,0,0,0,3,0,0,0,3
0,0,0,0,0,0,0,0,0,0
0,0,0,0,0,0,0,0,0,0
0,0,0,0,0,0,0,0,0,0
0,0,3,3,0,0,0,0,3,0
0,0,0,0,0,0,0,0,0,0
0,0,0,0,0,0,0,0,0,0
0,0,0,0,0,0,0,0,0,0
0,0,3,3,0,0,0,0,0,0
0,0,1,1,1,0,1,0,1,0
0,0,0,0,0,0,0,0,0,0
0,0,0,0,0,0,0,0,0,0
0,0,0,0,0,5,0,0,0,0
0,0,0,0,0,0,0,0,2,0
0,0,10,0,0,0,0,0,0,0
0,0,0,0,0,0,0,0,0,0
0,0,0,0,0,0,0,0,0,0
0,0,0,0,0,0,0,0,0,0
0,0,0,0,0,0,0,0,0,0
0,0,0,0,0,0,0,0,0,0
0,0,0,0,0,0,0,0,0,0
0,0,0,0,0,0,0,0,0,0
0,0,0,0,0,0,0,0,0,0
0,0,2,2,0,0,2,0,0,0
0,0,1,1,0,0,1,0,1,0
2,2,0,0,0,2,0,2,0,2
0,0,0,0,0,0,0,0,0,0
0,0,0,0,0,0,0,0,0,0
2,0,0,0,0,2,0,0,0,0
0,0,0,0,0,0,0,0,0,0
0,0,0,0,0,0,0,0,0,0
0,0,0,0,0,8,0,0,0,0
0,0,52,52,52,0,0,0,52,0
0,0,0,0,0,5,0,0,0,0
0,0,0,0,0,0,0,0,0,0
0,0,1,1,0,0,1,0,1,0
0,0,2,2,0,0,0,0,2,0
0,0,0,0,0,0,0,0,0,0
0,0,0,0,0,0,0,0,0,0
0,0,0,0,0,4,0,0,0,0
0,0,0,0,0,0,0,0,0,0
0,24,0,0,0,24,0,24,0,24
0,0,0,0,0,0,0,0,0,0
0,0,0,0,0,0,0,0,0,0
0,0,0,0,0,2,0,0,0,0
1,0,1,1,0,0,0,0,1,0
0,0,1,0,0,1,1,0,1,0
0,0,0,0,0,0,0,0,0,0
0,0,0,0,0,0,0,0,0,0
4,4,0,0,4,4,0,4,0,4
3,3,3,3,0,3,3,3,0,3
0,1,0,0,0,1,0,0,0,0
0,0,0,0,0,0,0,0,0,0
0,0,1,0,0,0,0,0,0,0
0,0,0,0,0,0,0,0,0,0
1,0,0,0,0,0,0,1,0,0
0,0,0,0,0,1,0,0,0,0
0,0,2,0,0,0,0,0,0,0
0,0,0,0,0,1,0,0,0,0
0,0,0,0,0,0,0,0,0,0
0,0,0,0,0,2,0,0,0,0
6,6,0,0,0,6,0,0,0,0
0,0,0,0,0,0,0,0,0,0
0,0,0,0,0,0,0,0,0,0
0,0,0,0,0,0,0,0,0,0
0,0,0,0,0,0,0,0,0,0
0,0,0,0,0,3,0,0,0,0
0,0,0,0,0,0,0,0,0,0
0,0,0,0,0,0,0,0,0,0
0,0,0,0,0,61,0,0,0,0
0,0,0,0,0,0,0,0,0,0
0,0,0,0,0,0,0,0,0,0
0,11,0,0,0,11,0,0,0,0
0,0,1,0,0,0,0,0,0,0
0,0,4,4,4,0,4,0,0,0
0,0,0,0,0,0,0,0,0,0
0,0,0,0,0,0,0,0,0,0
0,0,1,0,0,0,0,0,0,0
0,0,0,0,0,5,0,0,0,0
0,0,0,0,0,2,0,0,0,0
0,0,0,0,0,0,0,0,0,0
0,0,0,0,0,0,0,0,0,0
0,0,0,0,0,0,0,0,0,0
0,0,0,0,0,0,0,0,0,0
0,0,0,0,0,0,0,0,0,0
0,0,0,0,0,0,0,0,0,0
0,0,0,0,0,0,0,0,0,0
0,0,0,0,0,0,0,0,0,0
0,0,1,0,1,0,0,0,1,0
0,0,0,0,0,0,0,0,0,0
0,0,0,0,0,0,0,0,0,0
0,0,0,0,0,0,0,0,0,11
0,0,1,0,0,0,1,1,1,0
0,0,0,0,0,0,0,0,0,0
0,0,1,0,0,0,0,0,0,0
0,0,0,0,0,0,0,0,0,0
0,0,0,0,0,0,0,0,0,0
3,0,0,0,0,3,0,0,0,0
0,0,0,0,0,0,0,0,0,0
0,0,1,0,0,0,0,0,0,0
0,0,0,0,0,7,0,0,0,7
0,0,0,0,0,0,0,0,0,0
0,0,0,0,0,1,0,0,0,1
0,0,0,0,0,0,0,0,0,0
0,0,0,0,0,0,0,0,0,0
2,2,0,0,0,2,0,2,2,0
0,0,0,0,0,0,0,0,0,0
0,0,0,0,0,0,0,0,0,1
0,0,0,0,0,0,0,0,0,0
0,0,0,0,0,0,0,0,0,1
0,0,0,0,0,10,0,0,0,10
0,0,1,1,1,0,1,0,1,0
0,0,4,0,0,0,0,0,0,0
0,0,0,0,0,0,0,0,0,0
3,3,0,0,0,3,0,3,0,0
0,0,2,2,0,0,0,0,0,0
1,0,0,0,0,1,0,0,0,0
0,0,0,0,0,0,0,0,0,0
0,0,0,0,0,0,0,1,0,0
0,0,0,0,0,0,0,0,0,0
66,66,0,0,0,66,0,66,0,66
0,0,0,0,0,0,0,0,0,0
0,23,0,0,0,23,0,0,0,23
0,0,0,0,0,0,0,0,0,0
0,0,0,0,0,0,0,0,0,0
0,0,0,0,0,3,0,0,0,3
0,0,0,0,0,0,0,0,0,0
0,0,5,5,0,0,5,0,5,0
0,4,0,0,0,4,0,0,0,4
0,0,0,0,0,0,0,0,0,0
0,0,0,0,0,0,0,0,0,0
0,0,0,0,0,0,0,0,0,0
0,0,0,0,0,0,0,0,0,0
0,1,0,0,0,1,0,0,0,1
0,0,0,0,0,0,0,0,0,0
1,0,0,0,0,1,0,1,0,1
0,0,0,0,0,0,0,0,0,0
0,0,0,0,0,0,0,0,0,0
0,0,0,0,0,0,0,0,2,2
0,0,0,0,0,0,0,0,0,0
0,0,0,0,0,0,0,0,0,0
0,0,0,0,0,0,0,0,0,0
0,0,0,0,0,0,0,0,0,0
0,0,0,0,0,0,0,0,0,0
0,0,0,0,0,0,0,0,0,0
0,0,0,0,0,0,0,0,0,0
0,0,0,0,0,4,0,0,0,0
0,0,0,0,0,11,0,0,0,0
0,0,0,0,0,0,0,0,0,0
0,0,0,0,0,0,0,0,0,0
0,9,0,0,0,9,0,9,0,9
0,0,0,0,0,0,0,0,0,0
0,0,0,0,0,2,0,0,0,0
0,0,0,0,0,0,0,0,0,0
5,0,0,0,0,5,0,0,0,0
0,0,4,4,4,0,4,0,4,0
0,0,0,1,0,0,0,0,0,0
0,0,1,0,0,0,0,0,0,0
0,0,3,0,0,0,3,0,3,0
0,0,0,0,0,0,0,0,0,0
0,0,0,0,0,0,0,0,0,0
0,0,0,0,0,0,0,0,0,0
0,0,0,0,0,4,0,0,0,0
0,0,0,0,0,0,0,0,0,0
0,0,0,0,0,0,0,0,0,0
0,0,0,0,0,0,0,0,0,0
7,0,7,7,0,7,7,7,7,0
0,0,0,0,0,0,0,0,0,0
0,0,0,0,0,0,0,1,0,0
0,0,0,0,0,0,0,0,0,0
0,0,0,0,0,0,0,0,0,0
0,0,0,0,0,0,0,0,0,2
0,0,1,0,1,0,1,0,1,0
0,0,0,0,0,15,0,0,0,0
0,3,0,0,0,3,0,3,0,3
0,0,0,0,0,0,0,0,0,0
0,0,0,0,0,0,0,0,0,0
3,0,0,0,0,3,0,0,0,0
0,0,0,0,0,0,0,0,0,0
0,0,0,0,0,0,0,0,0,0
0,0,0,0,0,1,0,0,0,1
0,0,0,0,0,0,0,0,0,0
0,0,0,0,0,0,0,0,0,0
0,2,0,0,0,2,0,0,0,2
0,0,0,0,0,0,0,0,0,0
0,0,0,0,0,0,0,0,0,1
0,0,0,0,0,0,0,0,2,0
0,0,0,0,0,0,0,0,0,1
0,0,0,0,0,1,0,0,0,0
0,0,0,0,0,2,0,0,0,0
0,9,0,0,0,9,0,0,0,9
0,0,2,0,2,0,0,0,0,0
0,0,0,0,0,0,0,0,0,0
4,4,0,0,0,4,4,4,4,0
0,0,0,0,0,1,0,0,0,0
0,0,0,0,0,3,0,0,0,0
0,0,0,0,0,0,0,0,0,0
0,0,0,0,0,0,0,0,0,0
1,0,1,1,0,0,0,0,1,0
0,0,0,1,0,0,0,0,0,0
0,2,0,0,0,2,0,0,0,2
0,0,0,0,0,0,0,0,0,0
0,0,0,0,0,4,0,0,0,0
0,0,0,0,0,0,0,0,0,0
0,0,0,0,0,0,0,0,0,0
0,0,0,0,0,0,0,0,0,0
0,0,0,0,0,0,0,0,0,0
0,0,0,0,0,1,0,0,0,1
0,0,0,0,0,0,0,0,0,0
0,0,3,0,0,0,0,0,0,0
0,0,0,0,0,0,0,0,0,0
6,0,0,0,0,0,0,0,0,0
3,3,0,0,0,3,0,0,0,3
14,0,0,0,0,0,0,0,0,0
1,1,0,0,0,1,0,1,0,1
0,0,0,0,0,0,0,0,0,1
0,17,0,0,0,17,0,0,0,17
0,0,0,0,0,3,0,0,0,0
0,0,1,1,1,0,1,1,1,0
0,0,1,0,1,0,1,0,0,0
0,0,0,0,0,0,0,0,0,0
0,0,0,0,0,0,0,0,0,0
0,0,0,0,0,1,0,0,0,0
0,0,0,0,0,0,0,0,0,0
0,0,0,0,0,0,0,0,0,0
0,0,1,1,0,0,0,0,0,0
1,1,0,0,0,1,0,0,0,0
0,0,0,0,0,0,0,0,0,0
0,0,1,1,0,0,0,0,1,0
0,0,0,0,0,3,0,0,0,0
7,7,0,0,0,7,0,0,0,7
0,0,0,0,0,0,0,0,0,0
0,0,6,0,0,0,6,0,0,0
0,0,2,2,2,0,0,0,2,0
0,0,0,0,0,0,0,0,0,0
0,0,0,0,0,3,0,0,0,0
0,0,0,0,0,0,0,0,0,0
0,0,1,0,1,0,1,0,1,0
0,0,0,0,0,0,0,0,0,0
0,0,0,0,0,0,0,0,0,0
0,0,0,0,0,0,0,0,0,0
0,0,0,0,0,0,0,0,0,0
0,0,0,0,0,0,0,0,0,0
0,0,0,0,0,0,0,0,0,0
0,0,0,0,0,0,0,0,0,0
0,2,0,0,0,2,0,0,2,2
3,3,0,0,0,3,0,0,0,3
2,0,0,0,0,2,2,0,2,0
0,0,0,0,0,0,0,0,0,0
0,0,0,0,0,1,0,0,0,0
0,0,0,0,0,0,0,0,0,0
0,0,0,0,0,0,0,0,0,0
0,0,0,0,0,0,0,0,0,0
0,0,0,0,0,0,0,0,0,0
0,0,0,0,0,0,0,0,0,0
0,0,0,0,0,0,0,0,0,0
0,0,1,0,1,0,0,0,0,0
0,0,0,0,0,3,0,0,0,0
0,0,1,1,0,0,0,0,1,0
0,0,0,0,0,7,0,0,0,0
0,0,0,0,0,1,0,0,0,1
0,0,0,0,0,0,0,0,0,0
5,5,0,0,0,5,0,5,0,5
0,0,0,0,0,0,0,0,0,0
0,0,0,0,0,0,0,0,0,0
0,0,0,0,0,1,0,0,0,0
0,0,0,0,0,1,0,0,0,1
0,0,0,0,0,0,0,0,0,0
0,0,26,0,0,0,0,0,0,0
0,0,0,0,0,0,0,0,0,0
0,0,1,1,0,0,0,0,1,0
0,0,0,0,0,0,0,0,0,0
0,0,0,0,0,0,0,0,0,0
0,0,0,0,0,0,0,0,0,0
0,0,0,0,0,0,0,0,0,0
0,0,0,0,0,0,0,0,0,0
0,0,0,0,0,10,0,0,0,0
0,0,0,0,0,0,0,0,0,0
0,0,0,0,0,0,0,0,0,0
0,0,0,0,0,0,0,0,0,0
0,0,4,0,0,0,0,0,0,0
0,0,0,0,0,0,0,0,0,0
0,0,0,0,0,0,0,0,0,0
0,0,0,0,0,0,0,0,0,0
0,0,0,0,0,0,0,0,0,0
0,9,0,0,0,9,0,0,0,0
0,0,0,0,0,0,0,0,0,0
0,0,0,0,0,0,0,0,0,0
0,0,0,0,0,0,0,0,0,3
0,0,0,0,0,0,0,0,0,0
0,0,1,0,0,0,0,0,0,0
0,0,0,0,0,0,0,0,0,1
0,0,0,0,0,0,0,0,0,0
3,3,0,0,0,3,0,0,0,3
0,0,1,0,1,0,0,0,0,0
0,0,1,0,1,0,0,0,0,0
0,0,0,0,0,0,0,0,0,0
0,0,0,0,0,2,0,0,0,0
0,0,7,0,0,0,0,0,0,0
0,0,0,0,0,0,0,0,0,0
0,0,0,0,0,1,0,0,0,1
0,0,4,0,0,0,4,0,0,0
0,0,0,0,0,0,0,0,0,0
0,0,0,0,0,1,0,0,0,0
0,0,0,0,0,5,0,0,0,5
0,0,0,0,0,0,0,0,0,0
0,0,1,1,0,0,1,0,0,0
0,0,0,0,0,0,0,0,0,11
0,0,0,0,0,0,0,0,0,0
0,0,3,0,0,0,3,0,0,0
23,23,0,0,0,23,0,0,0,0
0,0,0,0,0,5,0,0,0,5
0,0,0,0,0,0,0,0,0,0
0,0,0,0,0,0,0,0,0,0
0,0,0,0,0,0,0,0,0,0
0,0,1,1,0,0,1,0,1,0
0,0,0,0,0,0,0,0,0,0
10,0,0,0,0,0,0,0,0,0
0,0,0,0,0,0,0,0,0,0
0,0,0,0,0,0,0,0,0,0
2,2,0,0,0,2,0,0,0,2
0,0,0,0,0,0,0,0,0,0
0,0,0,0,0,0,0,0,0,0
0,0,1,1,0,0,1,0,1,0
0,0,0,0,0,0,0,0,0,0
0,0,0,0,0,0,0,0,0,0
0,0,0,0,0,0,0,0,0,0
0,0,0,0,0,0,0,0,0,0
0,0,0,0,0,0,0,0,0,0
0,0,0,0,0,0,0,0,0,0
0,0,0,0,0,0,0,0,0,0
0,0,0,0,0,0,0,0,0,0
0,0,0,0,0,0,0,0,0,0
0,0,1,1,0,0,0,0,0,0
0,0,0,0,0,1,0,0,0,0
0,0,0,0,0,0,0,0,0,0
0,0,10,0,0,0,0,0,0,0
0,0,0,0,0,0,0,0,0,0
0,0,0,0,0,0,0,0,0,0
0,0,1,0,1,0,0,0,0,0
1,1,0,0,0,1,0,1,0,1
0,0,0,0,0,0,0,0,0,0
3,0,0,0,0,3,0,0,0,0
0,0,0,0,0,1,0,0,0,1
0,0,0,0,0,4,0,0,0,0
0,0,0,0,0,0,0,0,0,0
0,0,0,0,0,0,0,0,0,0
0,0,0,0,0,0,0,0,0,0
0,0,0,0,0,0,0,0,0,0
0,0,0,0,0,0,0,0,0,0
0,0,0,0,0,0,0,0,0,0
0,0,0,0,0,0,0,7,0,0
0,0,0,0,0,1,0,0,0,0
0,0,2,2,0,0,0,2,2,0
0,0,0,0,0,0,0,0,0,0
0,0,0,0,0,0,0,0,0,0
0,0,0,0,0,0,0,0,0,2
0,0,0,0,0,0,0,0,0,0
2,0,0,0,0,2,0,0,0,0
0,0,0,0,0,0,0,0,0,0
0,0,2,0,0,0,0,0,0,0
0,0,3,3,0,0,0,0,0,0
0,0,1,0,0,0,0,0,0,0
0,0,0,0,0,0,0,0,0,0
0,0,0,0,0,0,0,0,0,9
7,0,0,0,0,7,0,0,0,7
0,0,0,0,0,0,0,0,0,0
0,0,0,0,0,4,0,0,0,0
0,0,0,0,0,0,0,0,0,0
0,0,0,0,0,0,0,0,0,0
0,0,0,0,0,0,0,0,0,0
0,0,0,0,0,0,0,0,0,0
2,0,2,0,0,0,0,2,2,0
0,0,0,0,0,0,0,0,0,0
0,0,0,0,0,0,0,0,0,0
5,0,0,0,0,0,0,0,0,0
0,0,0,0,0,0,0,0,0,0
0,0,0,0,0,0,0,0,0,0
0,0,0,0,0,0,0,0,0,0
0,0,0,0,0,0,0,0,0,0
0,0,0,0,0,1,0,0,0,1
0,0,0,0,0,46,0,0,0,0
0,0,0,0,0,1,0,0,0,0
0,1,0,0,0,1,0,0,0,0
0,0,0,0,0,0,0,0,0,0
0,0,0,0,0,3,0,0,0,3
0,0,0,0,0,0,0,0,0,0
0,0,0,0,0,0,0,0,0,0
0,1,0,0,0,1,0,0,0,1
0,0,0,0,0,31,0,0,0,0
0,4,0,0,0,4,0,0,0,4
0,0,1,0,0,0,0,0,0,0
1,1,0,0,0,1,0,1,1,1
0,0,0,0,0,0,0,0,0,0
0,0,0,0,0,0,0,0,0,0
0,0,0,0,0,0,0,0,0,0
0,0,0,0,0,0,0,0,0,0
0,0,0,0,0,0,0,0,0,0
2,2,0,0,0,2,0,0,0,0
0,0,0,0,0,0,0,0,0,0
4,0,0,0,0,4,0,0,0,4
0,0,0,0,0,0,0,0,0,0
0,0,0,0,0,8,0,0,0,0
2,0,0,0,0,0,0,0,0,0
0,0,0,0,0,3,0,0,0,3
0,0,0,0,0,0,0,0,0,0
0,0,0,0,0,17,0,0,0,0
0,0,0,0,0,0,0,0,0,0
1,1,0,0,0,1,0,1,0,1
0,0,0,0,0,0,0,0,0,0
0,0,0,0,0,0,0,0,0,0
3,0,3,0,0,0,0,0,0,0
0,0,0,0,0,0,0,0,0,0
0,0,0,0,0,0,0,0,0,0
0,0,0,0,0,0,0,0,0,0
0,0,0,0,0,0,0,0,0,0
0,0,0,0,0,0,0,0,0,0
0,0,0,0,0,0,0,0,0,0
0,0,0,0,0,0,0,0,0,0
0,0,1,0,0,0,0,1,1,0
0,0,0,0,0,0,0,0,0,0
0,0,0,0,0,0,0,0,0,0
0,0,0,0,0,0,0,0,0,0
0,0,2,0,0,2,0,0,0,0
0,0,0,0,0,0,0,0,0,0
0,0,0,0,0,0,0,0,1,0
0,0,0,0,0,0,0,0,0,0
0,0,0,0,0,0,0,0,0,0
0,0,0,0,0,1,0,0,0,0
0,0,0,0,0,0,0,0,0,0
8,8,8,8,0,8,0,0,0,8
0,0,0,0,0,0,0,0,0,0
0,0,0,0,0,1,0,0,0,0
0,0,0,0,0,0,0,0,0,0
3,0,0,0,0,3,0,0,0,3
0,0,0,0,0,0,0,0,0,0
0,0,0,0,0,0,0,0,0,0
0,0,0,0,0,0,0,0,0,0
0,0,0,0,0,0,0,0,0,0
0,0,0,0,0,2,0,0,0,0
0,0,0,0,0,0,0,0,0,0
0,0,0,0,0,0,0,0,0,0
1,0,1,0,0,0,0,0,0,0
0,0,0,0,0,0,0,0,0,0
0,0,0,0,0,0,0,0,0,0
0,0,0,0,0,0,0,0,0,0
0,0,0,0,0,0,0,0,0,0
0,0,1,0,0,0,1,0,0,0
0,0,0,0,0,0,0,0,0,0
20,20,0,0,0,20,0,20,0,0
0,0,0,0,0,0,0,0,0,0
0,0,0,0,0,0,0,0,0,0
0,0,1,1,0,0,1,0,1,0
0,6,0,0,0,6,0,0,0,6
0,0,0,0,0,0,0,0,0,0
0,0,0,0,0,0,0,0,0,0
0,0,3,0,0,0,0,0,0,0
0,0,0,0,0,0,0,0,0,0
0,0,0,0,0,1,0,0,0,0
0,0,0,0,0,0,0,0,0,0
0,0,0,0,0,0,0,0,0,0
0,0,0,0,0,0,0,0,0,0
0,0,0,0,0,1,0,0,0,0
0,0,0,0,0,0,0,0,0,0
0,0,0,0,0,0,0,0,0,0
0,0,0,0,0,0,0,0,0,0
0,0,12,0,0,0,12,0,12,0
0,0,2,0,2,0,0,0,0,0
0,0,0,0,0,0,0,0,0,0
0,11,0,0,0,11,0,0,0,11
0,0,0,0,0,0,0,0,0,0
0,0,0,0,0,0,0,0,0,0
0,0,0,0,0,0,0,0,0,0
0,0,0,0,0,5,0,0,0,0
0,0,0,0,0,0,0,0,0,0
0,0,0,0,0,0,0,0,0,0
0,0,0,0,0,20,0,0,0,0
0,0,0,0,0,0,0,0,0,0
0,0,0,0,0,0,0,0,0,0
0,0,0,0,0,0,0,0,0,0
0,0,0,0,0,0,0,0,0,0
0,0,0,0,0,0,0,0,0,0
0,0,0,0,0,0,0,0,0,0
0,0,0,0,0,0,0,0,0,0
0,0,0,0,0,2,0,0,0,0
0,0,0,0,0,0,0,0,0,0
5,0,0,0,0,0,0,0,0,0
1,1,0,1,0,1,0,0,0,1
0,0,0,0,0,0,0,0,0,0
0,0,0,0,0,0,0,0,0,0
0,0,0,0,0,1,0,0,0,0
0,0,0,0,0,0,0,0,0,0
0,0,1,0,0,0,0,0,0,0
0,0,0,0,0,0,0,0,0,0
0,0,0,0,0,10,0,0,0,10
0,0,2,2,0,0,0,0,2,0
0,0,0,0,0,1,0,0,0,1
0,0,0,0,0,0,0,0,0,0
0,0,0,0,0,0,0,0,0,0
0,0,1,0,0,0,0,0,0,0
0,0,0,0,0,0,0,0,0,0
0,0,0,0,0,0,0,0,0,0
0,0,0,0,0,1,0,0,0,0
0,1,0,0,0,1,0,0,1,1
0,0,0,0,0,0,0,0,0,0
0,0,0,0,0,0,0,0,0,0
0,0,2,0,2,2,0,0,2,2
1,0,0,0,1,0,0,0,0,0
0,0,2,2,0,0,0,0,2,2
0,0,0,0,0,2,0,0,0,2
0,0,0,0,0,0,0,0,0,0
0,0,0,0,0,0,0,0,0,0
0,0,1,0,0,0,0,0,1,0
0,0,0,0,0,5,0,0,0,0
0,0,1,0,0,0,0,0,1,0
0,0,0,0,0,0,0,0,0,0
0,4,0,0,0,4,0,0,0,0
0,0,0,0,0,0,0,0,0,4
0,0,0,0,0,0,0,0,0,0
0,0,0,0,0,0,0,0,0,0
0,0,0,0,0,0,0,0,0,0
0,2,0,0,0,2,0,0,0,2
0,0,0,0,0,0,0,0,0,0
0,0,0,0,0,0,0,0,0,2
0,0,0,0,0,0,0,0,0,5
0,0,0,0,0,0,0,0,0,0
0,0,0,0,0,0,0,0,0,0
0,0,0,0,0,0,0,0,0,0
0,0,0,0,0,1,0,0,0,0
0,0,1,1,0,0,0,0,0,0
0,0,0,0,0,0,0,0,0,0
0,0,0,0,0,0,0,0,0,0
0,0,0,0,0,0,0,0,0,0
0,0,0,0,0,2,0,0,0,2
0,0,0,0,0,1,0,0,0,1
0,0,0,0,0,0,0,0,0,0
0,0,1,1,0,0,1,0,1,0
0,0,0,0,0,0,0,0,0,0
0,0,0,0,0,0,0,0,0,0
0,0,0,0,0,0,0,0,0,0
0,0,0,0,0,0,0,0,0,0
0,0,0,0,0,0,0,0,0,0
0,0,0,0,0,0,0,0,0,0
8,0,8,0,0,8,0,0,0,0
1,1,0,0,0,1,0,0,0,1
1,0,0,0,0,0,0,0,0,0
47,0,0,0,0,0,0,0,47,0
0,0,0,0,0,0,0,0,0,0
0,0,1,0,0,0,0,0,0,0
0,0,0,0,0,0,0,0,0,1
0,0,0,0,0,0,0,0,0,0
0,0,0,0,0,0,0,0,0,0
0,0,0,0,0,0,0,0,0,0
0,0,0,0,0,0,0,0,3,0
0,0,0,0,0,0,0,0,0,0
0,0,0,0,0,0,0,0,0,0
0,0,0,0,0,0,0,0,0,0
0,0,0,0,0,0,0,0,0,2
0,0,0,0,0,0,0,0,0,0
0,0,0,0,0,0,0,0,0,0
0,0,0,0,0,7,0,0,0,0
0,0,0,0,0,0,0,0,0,0
0,0,0,0,0,0,0,0,0,0
1,1,0,0,0,1,0,1,0,1
0,0,0,0,0,0,0,0,0,0
0,0,0,0,0,0,0,0,0,0
0,0,0,0,0,0,0,0,0,0
3,3,0,0,0,3,0,0,0,0
0,0,0,0,0,0,0,0,0,0
0,0,0,0,0,0,0,0,0,0
0,0,0,0,0,0,0,0,0,0
0,0,2,2,2,0,2,0,2,0
1,1,0,0,0,1,0,0,0,1
0,0,0,0,0,0,0,0,0,0
0,0,0,0,0,0,0,0,0,0
0,0,0,0,0,0,0,0,0,0
8,0,0,0,0,8,0,0,0,0
0,0,0,0,0,0,0,0,0,0
0,0,0,0,0,2,0,0,0,2
0,0,0,0,0,0,0,0,0,5
0,0,0,0,0,0,0,0,0,0
0,0,0,0,0,0,0,0,0,1
0,0,0,0,0,0,0,0,0,0
0,0,0,0,0,0,0,0,0,0
0,0,0,0,0,0,0,0,0,6
0,0,0,0,0,0,0,0,0,0
0,0,0,0,0,7,0,0,0,0
0,9,0,0,0,9,0,0,0,0
0,0,0,0,0,0,0,0,0,0
0,0,0,0,0,0,0,0,0,0
0,0,0,0,0,0,0,0,0,0
0,0,0,0,0,0,0,0,0,1
0,0,8,8,8,0,8,0,8,0
1,1,0,0,0,1,0,1,0,1
0,1,0,0,0,1,0,1,0,0
0,0,1,0,0,0,0,0,0,0
0,0,0,0,0,0,0,0,0,0
0,0,0,0,0,0,0,0,0,0
0,0,0,0,0,2,0,0,0,2
0,0,0,0,0,1,0,0,0,0
0,0,0,0,0,2,0,0,0,0
0,0,0,0,0,0,0,0,0,0
0,0,0,0,0,0,0,0,0,0
0,0,0,0,0,0,0,0,2,0
0,0,0,0,0,0,0,0,0,0
0,0,0,0,0,0,0,0,0,0
19,19,0,0,19,19,19,0,19,19
0,0,0,0,0,0,0,0,0,0
0,0,0,0,0,0,0,0,0,0
0,0,0,0,0,0,0,0,0,0
0,0,0,0,0,0,0,0,0,0
0,0,3,3,3,0,0,0,3,0
0,0,1,1,1,0,1,1,1,0
0,0,0,0,0,2,0,0,0,0
0,0,0,0,0,0,0,0,0,0
0,0,0,0,0,0,0,0,0,7
0,0,0,0,0,0,0,0,0,0
0,0,0,0,0,0,0,0,0,0
0,0,0,0,0,3,0,0,0,0
0,0,1,1,0,0,0,0,1,0
0,0,0,0,0,1,0,0,0,0
0,0,0,0,0,0,0,0,0,0
0,0,0,0,0,0,0,0,0,0
0,0,1,0,0,0,0,0,0,0
1,1,0,0,0,1,0,1,0,1
0,0,1,1,1,0,0,0,1,0
0,0,0,0,0,0,0,0,0,0
2,2,0,0,0,2,0,0,0,2
0,0,0,0,0,0,0,0,0,0
0,0,0,0,0,3,0,0,0,0
0,0,1,0,0,0,0,0,1,0
0,0,0,0,0,0,0,0,0,0
0,0,0,0,0,0,0,0,0,0
0,0,0,0,0,0,0,0,0,0
0,0,0,0,0,0,0,0,0,0
3,3,0,0,0,3,0,3,0,3
0,0,0,0,0,0,0,0,0,0
0,0,0,0,0,0,0,0,0,0
0,0,0,0,0,0,0,0,0,0
0,0,1,0,0,0,0,0,0,0
0,0,32,32,32,0,32,0,32,0
0,0,0,0,0,0,0,0,0,0
0,0,0,0,0,0,0,0,0,0
0,0,0,0,0,0,0,0,0,7
0,0,0,0,0,2,0,0,0,0
0,0,0,0,0,0,0,0,0,0
0,0,0,0,0,2,0,0,0,2
0,0,0,0,0,0,0,0,0,0
5,0,0,0,0,5,0,0,0,5
0,0,1,0,0,0,1,0,1,0
0,0,0,0,0,3,0,0,0,0
0,0,0,0,0,0,0,0,0,0
0,0,0,0,0,0,0,0,0,0
0,0,1,0,0,0,0,0,0,0
0,0,0,0,0,2,0,0,0,0
0,0,0,0,0,0,0,0,0,0
2,2,0,0,0,2,0,2,0,0
3,3,0,0,0,3,0,3,0,3
0,0,1,0,1,0,0,0,1,0
0,0,1,1,0,0,0,0,1,0
0,0,0,0,0,0,0,0,0,0
0,0,0,0,0,0,0,0,0,0
0,0,0,0,0,0,0,0,0,0
0,3,0,0,0,3,0,0,0,3
0,0,0,0,0,0,0,0,0,0
0,0,0,0,0,0,0,0,0,0
0,0,0,0,0,0,0,0,0,0
0,0,0,0,0,0,0,0,0,0
0,8,0,0,0,8,0,8,0,0
0,0,0,0,0,0,0,0,0,0
0,0,0,0,0,0,0,0,0,0
0,0,1,0,0,0,1,0,0,0
0,0,1,0,0,0,0,0,0,0
0,0,0,0,0,0,0,0,0,0
0,0,0,0,0,0,0,0,0,0
0,0,2,0,0,0,0,0,2,0
0,0,2,0,0,0,2,0,0,0
0,0,0,0,0,0,0,0,0,0
0,0,0,0,0,0,0,0,0,0
1,0,0,0,0,0,0,0,0,0
0,0,0,0,0,0,0,0,0,0
0,0,0,0,0,1,0,0,0,0
0,0,3,0,0,0,3,0,0,0
0,0,0,0,0,1,0,0,0,0
0,0,0,0,0,1,0,0,0,0
0,0,0,0,0,0,0,0,0,0
0,0,1,0,0,0,1,0,0,0
98,98,0,0,0,98,0,0,0,0
0,0,0,1,0,1,0,0,0,0
0,0,0,0,0,2,0,0,0,0
0,0,0,0,0,5,0,0,0,0
0,0,0,0,0,0,1,0,0,0
0,0,0,0,0,15,0,0,0,0
0,0,0,0,0,0,0,0,0,0
0,0,0,0,0,1,0,0,1,1
2,2,0,0,0,2,0,2,0,0
0,0,3,0,0,0,0,0,0,0
0,0,1,0,1,0,0,0,0,0
1,0,0,0,0,1,0,0,0,0
0,0,0,0,0,0,0,0,0,0
0,0,0,0,0,0,0,0,0,0
0,0,0,0,0,0,0,0,0,0
0,0,0,0,0,0,0,0,0,0
0,0,0,0,0,1,0,0,0,1
0,0,0,0,0,0,0,0,0,0
0,0,0,0,0,0,0,0,0,0
0,0,0,0,0,0,0,0,0,0
0,0,0,0,0,0,0,0,0,0
2,2,0,2,2,2,0,2,0,2
0,0,0,0,0,0,0,0,1,0
0,0,0,0,0,0,0,0,0,0
0,0,0,0,0,1,0,0,0,0
0,0,0,0,0,0,0,0,0,0
0,0,6,0,0,0,0,0,0,0
0,0,1,1,0,0,0,0,0,0
0,0,0,0,0,0,0,0,0,0
2,2,2,2,2,2,2,2,2,2
0,0,0,0,0,0,0,0,0,0
0,0,6,0,6,0,0,0,0,0
0,0,0,0,0,0,0,0,0,0
0,0,0,0,0,0,0,0,0,0
0,0,0,0,0,0,0,0,0,0
0,0,0,0,0,0,0,0,0,0
1,1,0,0,0,1,0,1,0,1
0,0,0,0,0,1,0,0,0,1
0,0,0,0,0,0,0,0,0,0
0,0,0,0,0,0,0,0,0,0
0,0,0,0,0,0,0,0,0,0
0,0,0,0,0,0,0,0,0,0
0,0,1,0,0,0,0,0,0,0
0,0,0,0,0,0,0,0,0,0
0,0,0,0,0,3,0,0,0,0
0,0,2,2,0,0,2,0,2,0
0,0,0,0,0,0,0,0,0,0
0,0,0,0,0,0,0,0,0,0
0,0,0,0,0,0,0,0,0,0
0,0,0,0,0,0,0,0,4,0
0,0,0,0,0,0,0,0,0,0
0,0,1,0,0,0,1,0,0,0
0,0,0,0,0,0,0,0,0,0
0,0,1,0,0,0,1,0,1,0
0,0,0,0,0,0,0,0,0,0
0,0,0,0,0,0,0,0,0,0
0,0,0,0,0,5,0,0,0,5
0,0,24,0,0,0,24,0,0,0
9,0,0,0,0,0,0,0,0,0
0,0,5,5,5,0,5,0,5,0
0,0,0,0,0,0,0,0,0,0
0,0,0,0,0,0,0,0,0,0
0,0,0,0,0,0,0,0,0,0
0,0,0,0,0,0,0,0,0,0
0,0,0,0,0,5,0,0,0,5
0,0,0,0,0,0,0,0,0,0
2,2,0,0,0,2,0,0,0,0
0,1,0,0,0,1,0,0,0,1
0,0,0,0,0,0,0,2,0,0
0,0,0,0,0,0,0,0,0,0
0,0,1,1,0,0,0,0,0,0
0,0,0,0,0,3,0,0,0,0
0,0,0,0,0,0,0,0,0,0
0,0,0,0,0,0,0,0,0,0
0,0,0,0,0,0,0,0,0,0
0,0,0,0,0,0,0,0,0,0
0,0,0,0,0,3,0,0,0,0
0,0,0,0,0,0,0,3,0,0
0,0,0,0,0,0,0,0,2,0
0,0,0,0,0,0,0,0,0,0
0,0,0,0,0,0,0,0,0,0
0,0,0,0,0,0,0,0,0,0
0,0,8,0,0,0,0,0,8,0
0,0,0,0,0,0,0,0,0,1
0,0,0,0,0,0,0,0,0,0
0,0,0,0,0,0,0,0,0,0
0,0,0,0,0,0,0,0,0,0
0,0,4,4,0,0,4,0,4,0
0,3,0,0,0,3,0,0,0,3
16,16,0,0,0,16,0,0,0,0
0,0,0,0,0,0,0,0,0,0
0,0,0,0,0,0,0,0,0,1
0,0,0,0,0,0,0,0,0,0
0,0,1,0,1,0,0,0,1,0
0,0,2,2,2,0,2,2,2,0
0,0,0,0,0,0,0,0,0,0
0,0,0,0,0,0,0,0,0,0
0,0,0,0,0,4,0,0,0,0
0,0,1,0,0,0,0,0,0,0
0,0,0,0,0,0,0,0,0,0
0,0,0,0,0,0,0,0,0,0
2,2,0,0,0,2,0,0,0,2
0,0,0,0,0,0,0,0,0,0
0,0,0,0,0,13,0,0,0,0
0,0,0,0,0,1,0,0,0,0
0,1,0,0,0,1,0,0,0,1
0,0,0,0,0,0,0,0,0,0
0,0,0,0,0,0,0,0,0,0
0,0,0,0,0,6,0,0,0,0
0,0,2,0,0,0,0,0,2,0
2,2,0,0,0,2,0,0,0,2
0,0,0,0,0,10,0,0,0,10
0,0,0,0,0,0,0,0,0,0
0,0,1,0,0,0,0,0,0,0
0,0,0,0,0,0,0,0,0,0
0,0,0,0,0,1,0,0,0,0
0,0,3,0,3,0,0,0,0,0
0,0,0,0,0,0,0,0,0,0
0,0,0,0,0,1,0,0,0,0
0,0,15,0,15,0,15,0,15,0
0,0,0,0,0,0,0,0,0,0
0,0,0,0,0,0,0,0,0,0
0,0,0,0,0,0,0,0,0,0
0,0,0,0,0,0,0,0,0,0
0,0,0,0,0,0,0,0,0,0
0,0,0,0,0,1,0,0,0,0
0,0,0,0,0,0,0,0,0,1
0,0,0,0,0,0,0,0,0,0
0,0,0,0,0,0,0,0,0,0
0,0,0,0,0,0,0,0,0,0
0,0,1,1,0,0,0,0,0,0
0,3,0,0,0,3,0,0,0,3
0,0,0,0,0,1,0,0,0,0
0,0,0,0,0,0,0,0,0,0
0,0,0,0,0,0,0,0,0,0
0,0,0,0,0,0,0,0,0,0
0,0,0,0,0,0,0,0,0,0
0,0,0,0,0,1,0,0,0,0
0,0,0,0,0,0,0,0,0,0
0,0,0,0,0,0,0,0,0,0
1,0,0,0,0,0,0,0,0,0
0,0,0,0,0,0,0,0,0,0
2,0,0,0,0,2,0,0,0,0
1,0,0,0,0,0,0,0,0,1
1,1,1,0,0,1,0,1,1,0
0,0,0,0,0,5,0,0,0,0
0,0,0,0,0,2,0,0,0,2
0,0,0,0,0,2,0,0,0,0
0,0,1,0,0,0,0,0,0,0
1,1,0,0,0,1,0,1,0,0
0,0,0,0,0,0,0,0,0,0
0,0,0,0,0,0,0,0,0,0
0,0,0,0,0,0,0,0,0,0
0,0,7,7,0,0,0,0,7,0
0,0,0,0,0,0,0,0,0,0
0,0,0,0,0,0,0,0,0,0
0,0,0,0,0,0,0,0,0,0
0,0,0,0,0,0,0,0,0,0
0,0,1,0,0,0,1,0,1,0
0,0,0,0,0,0,0,0,0,0
0,0,0,0,0,0,0,0,0,0
0,0,0,0,0,1,0,0,0,1
0,0,1,1,1,0,1,0,1,0
0,0,0,0,0,0,0,0,0,0
0,0,0,0,0,0,0,0,0,1
0,0,1,1,1,0,0,0,0,0
2,2,0,0,0,2,0,0,0,2
0,0,0,0,0,0,0,0,0,0
0,0,0,0,0,0,0,15,0,0
5,5,0,0,0,5,0,0,0,0
0,0,0,0,0,0,0,0,0,0
