0,0,11,11,0,0,11,0,0,0
0,0,0,0,0,0,0,0,0,0
0,0,0,0,0,2,0,0,0,0
0,0,0,0,0,0,0,0,0,0
0,0,0,0,0,0,0,0,0,0
0,0,0,0,0,0,6,0,6,0
0,0,0,0,0,0,0,0,0,0
0,0,1,1,0,0,1,0,1,0
0,0,0,0,0,0,0,0,0,0
0,1,0,0,0,1,0,0,0,1
0,0,0,0,0,0,0,0,0,0
0,0,2,0,0,0,2,0,0,0
0,0,10,10,10,0,10,0,10,0
0,0,0,0,0,0,0,0,0,0
0,0,0,0,0,0,0,0,0,0
0,0,0,0,0,0,0,0,0,0
0,0,0,0,0,3,0,0,0,0
1,1,1,0,0,1,0,1,1,0
0,0,0,0,0,0,0,0,0,0
0,0,0,0,0,0,0,0,0,0
0,0,0,0,0,0,0,0,0,0
0,0,0,0,0,0,0,0,0,0
0,0,0,0,0,1,0,0,0,0
0,0,0,0,0,12,0,0,0,0
0,0,0,0,0,0,0,0,0,0
0,0,0,0,0,0,0,0,0,0
0,0,0,0,0,0,0,0,0,0
0,0,0,0,0,0,0,0,0,0
0,3,0,0,0,3,0,0,0,0
0,0,0,0,0,0,0,0,0,0
0,0,2,0,0,0,0,0,0,0
8,0,8,0,0,0,0,0,8,0
0,0,0,0,0,3,0,0,3,0
0,0,0,0,0,0,0,0,0,2
0,0,0,0,0,0,0,0,0,0
0,0,0,0,0,0,0,0,0,0
0,0,0,0,0,0,0,0,0,0
1,1,1,0,0,1,0,1,0,0
0,0,0,0,0,0,0,0,0,0
0,0,0,0,0,1,0,0,0,1
0,0,0,0,0,0,0,0,0,0
0,0,0,0,0,1,0,0,1,0
0,0,0,0,0,0,0,0,0,0
0,0,0,0,0,0,0,0,0,44
0,0,1,0,0,1,1,0,1,0
0,0,0,0,0,0,0,0,0,0
0,0,1,0,1,0,0,0,0,0
0,0,3,3,0,0,0,0,0,0
0,0,0,0,0,8,0,0,0,0
0,0,0,0,0,0,0,0,0,0
0,0,0,0,0,1,0,0,0,0
0,0,0,0,0,0,0,0,0,0
0,0,0,0,0,0,0,0,0,0
0,0,0,0,0,0,0,0,0,0
1,0,0,0,0,0,0,0,0,0
0,0,0,0,0,0,0,0,0,0
0,0,0,0,0,0,0,0,0,0
0,0,0,0,0,0,0,0,0,0
2,2,0,0,0,2,0,0,0,0
0,0,0,0,0,0,0,0,0,0
27,27,0,0,0,27,0,0,0,27
0,0,0,0,0,0,0,0,0,0
0,0,0,0,0,0,0,0,0,0
0,0,0,0,0,0,0,0,0,0
0,0,0,0,0,0,0,0,0,0
0,0,12,0,0,0,0,0,0,0
0,0,0,0,0,0,0,0,0,0
0,0,0,0,0,0,0,0,0,0
0,0,0,0,0,0,0,0,0,0
0,0,0,0,0,0,0,0,0,0
0,0,0,0,0,0,0,0,0,0
0,0,0,0,0,0,0,0,0,0
0,0,0,0,0,0,0,0,0,0
0,0,0,0,0,0,0,0,0,0
0,0,0,0,0,0,0,0,0,0
0,0,0,0,0,4,0,0,0,4
0,0,1,0,0,0,0,0,0,0
0,0,0,0,0,0,0,0,0,0
3,3,0,0,0,3,0,0,0,0
0,0,0,7,0,0,0,0,0,0
0,0,0,0,0,2,0,0,0,2
0,0,1,0,0,0,0,0,0,0
0,0,0,0,0,0,0,0,2,0
0,0,1,1,1,0,1,1,1,0
0,0,21,21,21,0,21,0,21,0
0,0,0,0,0,0,0,0,0,0
0,0,0,0,0,0,0,0,0,0
0,0,0,0,0,0,0,0,0,0
0,0,0,0,0,0,0,0,0,0
0,0,0,0,0,0,0,0,0,0
0,0,1,0,0,0,0,0,0,0
0,0,1,1,1,0,1,0,1,0
12,12,0,0,0,12,0,12,0,12
0,0,0,0,0,0,0,0,0,0
0,0,1,1,1,0,0,1,1,0
0,0,0,0,0,0,0,0,0,0
0,0,0,0,0,0,0,0,0,0
0,0,0,0,0,0,0,0,0,0
0,0,0,0,0,0,0,0,0,0
0,0,0,0,0,0,0,0,0,0
0,0,0,0,0,0,0,0,0,0
0,0,0,0,0,0,0,0,0,0
0,0,0,0,0,5,0,0,0,5
0,0,1,0,0,0,0,0,1,0
0,0,0,0,0,0,0,0,0,0
0,0,0,0,0,0,0,0,0,0
0,0,1,1,0,0,1,1,1,0
3,3,0,0,0,3,0,0,0,3
0,0,0,0,0,0,0,0,0,0
0,0,0,0,0,0,0,0,0,0
0,12,0,0,0,12,0,0,0,0
0,0,1,0,0,0,0,0,0,0
0,0,0,0,0,0,0,0,0,0
0,0,0,0,0,0,0,0,0,0
3,0,0,0,0,0,0,0,0,0
0,0,0,0,0,0,0,0,0,0
0,0,0,0,0,25,0,0,0,0
0,0,0,0,0,0,0,0,0,0
0,0,1,1,0,0,0,0,1,0
0,0,5,0,0,0,0,0,0,0
0,0,0,0,0,4,0,0,0,4
0,0,1,0,0,0,0,0,0,0
0,0,0,0,0,2,0,0,0,2
0,0,0,0,0,0,0,0,4,0
0,0,0,0,0,0,0,0,0,0
0,0,0,0,0,0,0,0,0,0
0,0,1,0,1,0,1,0,1,0
0,0,0,0,0,0,0,0,0,0
0,0,0,0,0,0,0,0,0,0
0,0,1,0,0,0,0,0,0,0
0,0,0,0,0,0,0,0,0,0
0,0,0,0,0,0,0,0,0,0
0,0,0,0,0,0,0,0,0,1
0,0,0,0,0,0,0,0,0,0
0,0,0,0,0,4,4,0,0,4
0,0,0,0,0,0,0,0,0,0
0,0,1,0,0,0,0,0,0,0
0,0,0,0,0,1,0,0,0,0
0,0,0,0,0,0,0,0,0,0
0,0,2,2,0,0,0,0,0,0
0,0,0,0,0,0,0,0,0,0
0,0,1,1,0,0,1,1,1,0
0,0,13,0,0,0,0,0,0,0
0,0,0,0,0,0,0,0,0,0
0,0,0,1,0,0,0,0,1,1
0,0,0,0,0,2,0,0,0,0
0,0,2,2,0,0,0,0,0,0
0,0,1,0,1,0,0,0,1,0
0,0,1,1,1,0,1,1,0,0
0,0,0,0,0,0,0,0,0,0
0,0,0,0,0,2,0,0,0,0
0,0,0,0,0,45,0,0,0,45
0,0,0,0,0,4,0,0,0,0
0,0,0,0,0,0,0,0,0,0
0,0,0,0,0,0,0,0,0,0
0,0,0,0,0,0,0,2,0,2
0,0,0,0,0,1,0,0,0,1
0,2,0,0,0,2,0,0,0,2
0,0,0,0,0,0,0,0,0,0
0,0,0,0,0,0,0,0,0,0
2,0,0,0,0,0,0,0,0,0
0,0,0,0,0,0,0,0,0,0
0,0,0,0,0,0,0,0,1,0
8,8,0,0,0,8,0,0,0,8
15,15,0,0,0,15,0,15,0,15
1,0,1,0,0,0,0,1,1,1
0,0,0,0,0,0,0,0,0,0
0,0,0,0,0,0,0,0,0,0
0,0,1,0,0,0,0,0,0,0
0,0,0,0,0,0,0,0,0,0
0,13,0,0,0,13,0,0,0,13
0,0,0,0,0,0,0,0,0,0
0,0,0,0,0,0,0,0,0,0
0,0,0,0,0,0,0,0,0,0
0,0,0,0,0,0,0,0,0,0
0,0,5,0,0,0,5,0,5,0
0,0,0,0,0,74,0,0,0,0
0,0,0,0,0,0,0,0,0,0
0,0,9,0,0,0,0,0,0,0
0,0,0,0,0,0,0,0,0,0
0,0,0,0,0,0,0,0,0,0
4,0,4,0,0,0,0,4,0,0
1,1,0,0,0,1,1,0,0,1
0,0,0,0,0,0,0,0,0,0
2,2,0,0,0,2,0,0,0,2
0,0,0,0,0,0,0,0,0,0
0,0,0,0,0,0,0,0,0,0
0,0,0,0,0,0,0,0,0,0
0,0,0,0,0,0,0,0,0,0
0,0,0,0,0,0,0,0,0,0
0,0,0,0,0,2,0,0,0,0
0,0,0,0,0,0,0,0,0,0
0,0,0,0,0,0,0,0,0,1
0,0,0,0,0,2,0,0,0,0
0,0,0,0,0,0,0,0,0,0
0,0,0,0,0,0,0,0,0,0
0,0,0,0,0,0,0,0,0,0
0,0,0,0,0,0,0,0,0,0
0,0,0,0,0,3,0,0,0,0
0,5,0,0,0,5,0,5,0,0
0,0,93,93,0,0,0,0,93,0
0,0,0,0,0,110,0,0,0,0
0,0,6,6,0,0,6,0,0,0
0,0,0,0,0,11,0,0,0,11
0,0,3,3,0,0,3,0,3,0
0,0,0,0,0,0,0,0,0,0
0,0,0,0,0,0,0,0,0,0
0,0,0,0,0,0,0,0,0,0
0,0,0,0,0,16,0,0,0,0
0,0,0,0,0,0,0,0,0,17
0,0,0,0,0,0,23,0,0,0
0,0,0,0,0,0,0,0,0,0
0,0,0,0,0,0,0,0,0,0
0,0,0,0,0,0,0,0,0,0
0,0,1,1,1,0,1,0,0,0
0,0,0,0,0,1,0,0,0,0
0,14,0,0,0,0,0,0,0,0
0,0,0,0,0,0,0,0,0,0
0,0,0,0,0,1,0,0,0,0
0,0,0,0,0,0,0,0,0,0
0,0,3,3,0,0,0,0,0,0
0,0,0,0,0,0,0,0,0,0
0,0,0,0,0,0,0,0,2,0
0,0,2,0,0,0,2,0,2,0
0,11,0,0,0,11,0,0,0,0
1,0,0,0,0,0,0,0,0,0
0,0,0,0,0,0,0,0,0,0
0,0,1,1,0,0,1,0,1,0
0,0,0,0,0,0,0,0,0,0
0,0,0,0,0,0,0,0,0,0
0,0,0,0,0,2,0,0,0,2
0,0,0,0,0,0,0,0,0,0
0,0,25,0,0,0,0,0,0,0
0,0,0,0,0,0,0,0,0,0
0,0,1,1,0,0,0,0,0,0
0,0,0,0,0,0,0,0,0,0
2,0,0,0,0,2,0,2,0,0
0,0,0,0,0,63,0,0,0,63
0,0,0,0,0,0,0,0,0,3
0,0,0,0,0,0,0,0,0,0
74,74,0,0,0,74,0,74,0,74
0,0,0,0,0,0,0,0,0,0
0,0,0,0,0,0,0,0,0,0
0,0,0,0,0,0,0,0,0,0
0,0,1,0,0,0,0,1,0,0
0,0,0,0,0,10,0,0,0,10
0,0,1,1,0,0,1,0,1,0
0,0,0,0,0,0,0,0,0,0
0,0,1,0,0,0,0,0,0,0
0,0,0,0,0,1,0,0,0,0
0,0,1,0,1,0,0,0,0,0
0,15,0,0,0,15,0,0,0,15
4,0,0,4,0,0,0,0,0,0
0,0,0,0,0,0,0,0,0,0
0,0,0,0,0,0,0,0,0,0
0,0,0,0,0,0,0,0,0,0
0,1,0,0,0,1,0,0,0,1
0,0,0,0,0,0,0,0,0,0
0,0,0,0,0,0,0,0,0,0
0,0,0,0,0,0,0,0,0,0
0,0,4,0,0,0,0,0,0,0
0,0,0,0,0,0,0,0,0,0
0,0,0,0,0,0,0,0,0,0
0,1,0,0,0,1,0,0,0,0
0,0,0,0,0,0,0,0,0,0
0,0,0,0,0,1,0,0,0,1
0,0,0,0,0,0,0,0,0,0
0,0,0,0,0,2,0,0,0,0
0,0,2,2,2,0,0,0,0,0
0,0,0,0,0,0,0,0,0,0
0,1,0,0,0,1,0,1,0,1
0,0,0,0,0,0,0,0,0,0
0,0,0,0,0,0,0,0,0,0
0,0,0,0,0,0,0,0,0,0
0,0,1,1,1,0,1,1,1,0
0,1,0,0,0,1,0,0,0,0
0,0,0,0,0,6,0,0,0,0
0,0,0,0,0,0,0,0,0,0
0,0,0,0,0,0,0,0,0,0
0,0,0,0,0,0,0,0,0,0
0,0,0,0,0,0,0,0,0,11
0,0,1,0,1,0,1,0,1,0
0,0,0,0,0,0,0,0,0,0
0,0,0,0,0,0,0,0,0,0
0,0,0,0,0,0,0,0,0,0
0,0,1,1,0,0,1,0,1,0
0,0,1,1,1,0,0,0,1,0
6,0,0,0,0,6,0,0,0,0
0,0,0,0,0,6,0,0,0,0
0,0,0,0,0,0,0,2,0,0
0,0,0,0,0,0,0,0,0,0
0,0,0,0,0,0,0,0,0,0
0,0,2,0,0,0,0,0,0,0
0,1,0,0,0,1,0,0,0,1
0,0,0,0,0,0,0,0,0,0
0,0,0,0,0,0,0,0,0,0
0,0,3,0,0,0,0,0,0,0
0,0,0,0,0,1,0,0,0,0
0,12,0,0,0,12,0,0,0,12
0,0,1,0,0,0,1,0,1,0
0,0,0,0,0,0,0,9,0,0
0,0,0,0,0,0,0,0,0,0
0,0,2,2,2,0,2,2,2,0
0,0,0,0,0,0,0,0,0,0
0,0,0,0,0,0,0,0,0,0
0,0,0,0,0,0,0,0,0,0
0,0,0,0,0,0,0,0,0,0
0,0,0,0,0,0,0,0,0,11
0,0,0,0,0,0,0,0,0,0
0,0,3,3,0,0,3,0,3,0
0,0,0,0,0,0,0,0,0,0
0,0,0,0,0,1,0,0,0,0
0,0,0,0,0,0,0,0,0,0
0,0,0,0,0,0,0,0,0,0
0,0,0,0,0,0,0,0,0,0
0,0,0,0,0,0,0,0,0,0
0,0,0,0,0,0,0,0,0,0
0,0,0,0,0,0,0,0,0,0
7,7,0,0,0,7,0,0,0,7
0,0,0,0,0,0,0,0,0,0
0,0,0,0,0,0,0,0,0,0
0,0,0,0,0,0,0,0,0,0
0,0,0,0,0,0,0,0,0,0
0,0,0,0,0,0,0,0,0,0
0,0,0,0,0,0,0,0,0,0
23,23,0,0,0,23,0,23,0,0
5,0,0,0,0,0,0,0,0,0
0,0,1,1,0,0,1,0,1,0
1,1,1,0,0,0,0,1,0,0
0,0,0,0,0,0,0,0,0,0
0,0,0,0,0,0,0,0,0,0
0,0,0,0,0,0,0,0,0,0
0,0,0,0,0,0,0,0,0,15
0,0,0,0,0,0,0,0,0,0
0,0,0,0,0,0,0,0,0,0
0,0,1,1,0,0,1,0,0,0
21,21,0,0,0,21,0,0,0,0
0,0,0,0,0,0,0,0,0,6
0,0,0,0,0,0,0,0,0,0
0,0,4,0,4,0,0,0,4,0
0,0,0,0,0,0,0,0,0,0
0,0,0,0,0,0,0,0,0,0
0,0,0,0,0,0,0,0,0,0
0,0,0,0,0,0,0,0,0,0
0,0,1,0,1,0,0,0,0,0
0,0,0,0,0,0,0,0,0,0
5,0,0,0,0,0,0,0,0,0
0,0,0,0,0,0,0,0,0,0
0,0,0,0,0,0,0,0,0,0
0,0,0,0,0,0,0,0,0,0
0,0,0,0,0,6,0,0,0,6
0,1,0,0,0,1,0,0,0,1
0,6,0,0,0,6,0,0,0,6
0,0,0,0,0,0,0,0,0,0
0,0,0,0,0,0,0,0,0,0
0,0,0,0,0,3,0,0,0,0
0,0,0,0,0,3,0,0,0,0
0,0,0,0,0,0,0,0,0,0
0,13,0,0,0,13,0,13,13,0
0,0,0,0,0,0,0,0,0,0
0,0,1,0,0,0,0,1,0,0
0,0,1,1,0,0,0,0,0,0
4,4,0,0,0,4,0,4,0,4
0,0,0,0,0,22,0,0,0,0
0,0,0,0,0,0,0,0,0,0
0,0,0,0,0,0,0,0,0,0
0,0,0,0,0,0,0,0,0,0
0,0,0,0,0,1,0,0,0,1
0,0,0,0,0,2,0,0,0,2
1,0,1,0,0,0,1,0,0,0
0,0,0,0,0,0,0,0,0,0
2,0,2,0,0,0,2,2,2,0
0,0,0,0,0,0,0,0,0,0
0,0,0,0,0,1,0,0,0,1
0,0,3,3,0,0,3,0,3,0
0,0,0,0,0,0,0,0,0,0
0,0,0,0,0,0,0,0,0,0
0,0,9,0,9,0,0,0,9,0
0,0,0,0,0,0,0,0,0,0
0,0,0,0,0,0,0,0,0,0
0,0,0,0,0,0,0,0,0,0
0,0,0,0,0,0,0,0,0,0
0,0,2,0,0,0,2,0,2,0
0,0,0,6,0,0,0,0,0,0
0,0,0,0,0,0,0,0,0,0
0,0,0,0,0,0,0,0,0,0
0,0,0,0,0,2,0,0,0,0
0,0,0,0,0,0,0,0,0,0
0,0,0,0,0,0,0,0,0,2
1,1,0,0,0,1,0,0,0,0
0,0,0,0,0,0,0,0,0,0
0,0,0,0,0,0,0,0,0,0
0,0,0,0,0,4,0,0,0,0
0,0,3,0,0,0,0,0,0,0
0,0,0,0,0,0,0,0,0,0
0,0,0,0,0,0,0,0,0,0
0,0,0,0,0,0,0,0,0,0
0,0,0,0,0,0,0,0,0,0
0,0,0,0,0,8,0,0,0,0
0,0,0,0,0,0,0,0,0,0
0,0,8,0,0,0,0,0,8,0
0,1,0,0,0,1,0,0,0,1
0,0,0,0,0,0,0,0,0,0
0,0,0,0,0,0,0,0,0,0
0,0,0,0,0,0,0,0,0,0
0,7,0,0,0,7,0,0,0,0
0,0,1,0,0,0,1,0,1,0
0,0,0,0,0,0,0,0,0,0
0,0,0,0,0,0,0,0,0,0
0,0,2,0,2,0,2,0,2,0
0,0,0,0,0,0,0,0,0,0
0,0,1,0,1,0,1,0,0,0
5,5,0,0,0,5,0,0,0,0
0,0,0,0,0,0,0,0,0,0
0,0,0,0,0,0,0,0,0,0
0,0,1,1,0,0,0,0,1,0
35,0,0,0,0,35,0,0,0,35
0,0,0,0,0,0,0,0,0,0
0,0,0,0,0,0,0,0,0,0
0,0,0,0,0,0,0,0,0,0
0,0,0,0,0,0,0,0,0,0
0,0,12,0,12,0,0,0,0,0
0,0,0,0,0,6,0,0,0,0
0,0,0,0,0,0,0,0,0,0
2,0,0,0,0,0,0,0,0,0
0,0,0,0,0,0,0,0,0,0
0,0,0,0,0,0,0,0,0,0
0,0,0,0,0,0,0,0,0,0
0,0,0,0,0,1,0,0,0,1
0,0,0,0,0,0,0,0,0,0
0,0,0,0,0,0,0,0,0,0
0,0,13,13,13,0,13,13,13,0
0,0,3,3,3,0,0,0,3,0
2,2,0,0,0,2,0,0,0,2
0,1,0,0,0,1,0,0,0,0
0,0,0,0,0,0,0,0,0,0
0,0,9,0,0,0,0,0,0,9
0,0,0,0,0,0,0,0,0,0
0,0,1,0,0,0,0,0,0,0
0,0,0,0,0,9,0,0,0,9
0,0,0,0,0,0,0,0,0,0
0,0,0,0,0,0,0,0,0,0
0,0,1,0,1,0,1,0,0,0
0,0,0,0,0,0,0,0,0,0
0,0,1,0,1,0,0,0,0,0
0,0,0,0,0,0,0,0,0,0
0,0,0,0,0,0,0,0,0,0
0,0,10,10,0,0,0,0,0,0
0,0,0,0,0,0,0,0,0,0
1,0,1,1,0,0,0,0,1,0
0,0,0,0,0,0,0,0,0,0
0,0,1,0,0,0,1,0,1,0
0,0,0,0,0,0,0,0,0,0
0,0,0,0,0,0,0,0,0,0
0,0,0,0,0,0,0,0,0,0
0,0,0,0,0,0,0,0,0,0
7,7,0,0,7,7,7,7,0,7
0,0,0,0,0,0,0,0,0,0
0,0,0,0,0,2,0,0,0,0
0,0,0,0,0,0,0,0,0,0
0,0,1,0,0,0,0,0,1,0
0,5,5,0,0,0,0,0,0,0
0,0,0,0,0,0,0,0,0,0
0,0,0,0,0,2,0,0,0,2
0,0,0,0,0,1,0,0,0,0
0,1,0,0,0,1,0,0,0,0
9,9,9,9,9,9,9,9,9,9
0,0,0,0,2,0,0,0,0,0
0,0,0,0,0,0,0,0,0,0
0,0,0,0,0,0,0,0,0,0
0,0,0,0,0,1,0,0,0,0
0,0,0,0,0,0,0,0,0,0
0,0,0,0,0,0,0,0,0,0
0,0,0,0,0,0,0,0,0,0
0,0,0,0,0,0,0,0,0,0
0,0,0,0,0,0,0,0,0,0
0,0,1,1,0,0,0,0,1,0
0,0,0,0,0,0,0,0,0,0
0,0,0,0,0,0,0,0,0,0
0,0,0,0,0,0,0,0,0,0
0,0,0,0,0,0,0,0,0,0
0,0,5,0,0,0,0,0,5,0
0,0,0,0,0,4,0,0,0,4
0,0,0,0,0,0,0,0,0,0
0,0,3,0,0,0,0,0,0,0
0,0,0,0,0,1,0,0,0,0
0,0,0,0,0,2,0,0,0,2
0,0,2,2,0,0,0,0,2,0
0,0,0,0,0,0,0,0,0,0
1,1,0,0,0,1,0,0,0,1
0,0,0,0,0,0,0,0,0,0
0,0,0,0,0,0,0,0,0,0
0,0,0,0,0,0,0,0,0,0
0,0,1,0,0,0,0,0,0,0
0,0,0,0,0,0,0,0,0,0
0,0,0,0,0,0,0,0,0,0
0,0,0,0,0,0,0,0,0,0
0,0,0,0,0,0,0,0,0,0
4,4,0,0,0,4,0,0,0,4
0,0,1,0,0,0,0,0,0,0
0,0,0,0,0,0,0,0,0,0
0,0,0,0,0,0,0,0,0,0
0,0,0,0,0,0,0,10,0,0
54,0,0,0,0,0,0,0,0,0
0,0,0,0,0,0,0,0,0,0
0,0,0,0,0,0,0,0,0,0
0,0,1,0,0,0,0,0,0,0
0,0,0,0,0,0,0,0,0,0
0,0,1,1,0,0,0,0,1,0
0,0,0,3,0,3,0,0,0,0
0,0,0,0,0,0,0,0,0,0
0,0,0,0,0,0,0,0,0,0
0,0,0,0,0,0,0,0,0,0
0,0,0,0,0,5,0,0,0,5
0,0,7,7,7,0,7,0,7,7
0,0,0,0,0,0,0,0,0,0
0,0,0,0,0,0,0,0,0,0
0,0,0,0,0,0,0,0,0,0
0,0,0,0,0,0,0,0,0,0
0,0,1,0,1,0,0,0,1,0
0,0,0,0,0,1,0,0,0,0
0,0,0,0,0,0,0,0,0,0
0,0,0,0,0,0,0,0,0,0
0,0,0,0,0,0,0,0,0,0
0,0,1,0,0,0,0,0,0,0
0,0,10,0,10,0,10,10,10,0
0,0,0,0,0,0,0,0,0,0
0,0,0,0,0,2,0,2,0,0
0,0,2,2,0,0,2,2,2,0
8,8,0,0,0,8,0,0,0,8
0,0,0,0,0,12,0,0,0,0
0,0,0,0,0,0,0,0,0,0
0,0,0,0,0,0,0,0,0,0
0,0,0,0,0,0,0,0,0,0
0,0,0,0,0,0,0,0,0,0
0,0,0,0,0,6,0,0,0,0
0,0,1,1,1,0,0,0,1,0
0,0,0,0,0,0,0,0,0,0
0,0,0,0,0,0,0,0,0,0
0,0,0,0,0,0,0,0,0,0
0,0,0,0,0,0,0,0,0,0
0,2,0,0,0,2,0,0,0,0
0,0,0,0,0,0,0,0,0,0
0,0,0,0,0,0,0,0,0,0
0,0,0,0,0,0,0,0,0,0
0,0,0,0,0,1,0,0,0,0
0,0,0,0,0,14,0,0,0,14
0,0,1,1,1,0,1,0,0,0
0,0,0,0,0,3,0,0,0,0
0,0,0,0,0,0,0,0,0,0
0,0,0,0,0,0,0,0,0,0
0,0,4,0,0,0,0,0,0,0
0,0,0,0,0,0,0,0,0,0
0,0,0,0,0,0,0,0,0,0
0,0,0,0,0,0,0,0,0,0
0,0,0,0,0,0,0,0,0,0
0,0,0,0,0,0,0,0,0,0
0,0,0,0,0,0,0,0,0,0
0,0,0,0,0,0,0,0,0,0
0,0,0,0,0,0,0,0,0,0
0,0,0,0,0,0,0,0,0,0
0,0,0,0,0,0,0,0,0,0
0,0,0,0,0,0,0,0,0,0
0,0,1,0,0,0,0,0,0,0
0,0,0,0,0,0,0,0,0,0
1,1,0,0,0,1,0,0,0,1
0,0,1,1,0,0,0,0,1,0
0,0,1,0,0,0,0,0,0,0
0,0,0,0,0,0,0,0,0,0
0,0,0,0,0,1,0,0,0,1
0,0,0,0,0,6,0,0,0,0
0,0,0,0,0,0,0,0,0,0
0,0,0,0,0,1,0,0,0,0
0,0,0,0,0,0,0,0,0,0
0,0,0,0,0,5,0,0,0,0
0,0,0,0,0,0,0,0,0,0
0,0,0,0,0,0,0,0,0,0
0,0,0,0,0,0,0,0,0,0
0,0,1,0,0,0,0,0,0,0
0,0,2,2,2,0,2,2,2,0
0,0,0,0,0,0,0,0,0,0
0,0,0,0,0,0,0,0,0,1
0,0,0,0,0,0,0,0,0,0
0,0,0,0,0,0,0,0,0,0
0,0,1,0,0,0,0,0,0,0
0,0,1,1,0,0,0,0,0,0
0,0,6,0,0,0,0,0,0,0
0,0,0,0,0,1,0,0,0,0
0,0,0,0,0,0,0,0,0,1
0,0,1,0,0,0,0,0,0,0
0,0,0,0,0,0,0,0,0,0
0,0,0,0,0,0,0,0,0,0
0,0,0,0,0,1,0,0,0,0
0,0,1,1,0,0,0,0,0,0
0,0,0,0,0,23,0,0,0,0
0,0,0,0,0,0,0,0,0,0
0,2,2,2,0,0,2,0,0,0
0,0,0,0,0,0,0,0,0,0
0,0,1,0,0,0,0,0,0,0
0,0,0,0,0,0,0,0,0,0
0,0,0,0,0,4,0,0,0,4
12,0,0,0,0,0,0,0,0,0
0,0,0,0,0,0,0,0,0,0
0,0,0,0,0,0,0,0,1,0
0,0,0,0,0,0,0,0,0,0
0,0,5,0,0,0,0,0,0,0
0,0,0,0,0,0,0,0,0,0
0,0,0,0,0,0,0,0,0,0
0,0,0,0,0,0,0,0,0,0
0,0,0,0,0,0,0,0,0,0
0,0,0,0,0,0,0,0,0,0
0,0,0,0,0,0,0,0,0,0
0,0,0,0,0,0,0,0,0,0
0,0,0,0,0,7,0,0,0,0
0,0,0,0,0,1,0,0,0,0
0,0,0,0,0,0,0,0,0,0
0,0,0,0,0,0,0,0,0,0
9,9,0,0,0,9,0,9,0,0
0,0,0,0,0,0,0,0,0,0
0,0,1,0,0,0,0,0,1,0
0,0,0,0,0,0,0,0,0,0
0,0,0,0,0,5,0,0,0,0
0,0,0,0,0,1,0,0,0,0
0,0,0,0,0,0,0,0,0,0
0,0,0,0,0,0,0,0,0,0
0,0,0,0,0,0,0,0,0,0
0,0,0,0,0,2,0,0,0,0
0,0,0,0,0,0,0,0,0,0
0,0,1,0,0,0,1,0,1,0
1,1,0,0,0,1,0,0,0,1
0,0,0,0,0,0,0,0,0,1
0,0,0,0,0,0,0,0,0,0
1,1,1,1,0,1,0,0,1,1
0,0,16,0,0,0,0,0,0,16
0,0,0,0,0,0,0,0,0,0
0,0,0,0,0,1,0,0,0,0
0,0,0,0,0,0,0,0,0,0
0,0,5,5,0,0,0,0,0,0
35,35,0,0,0,35,0,0,0,35
0,0,0,0,0,7,0,0,0,0
0,0,0,0,0,10,0,0,0,0
0,0,2,2,0,0,0,2,2,0
0,0,0,0,0,0,0,0,0,0
0,0,81,81,81,0,81,0,81,0
0,0,0,0,0,0,0,0,0,0
0,0,0,0,0,0,0,0,0,0
0,0,3,0,0,0,0,0,0,0
0,0,0,0,0,0,0,0,0,0
0,0,0,0,0,1,0,0,0,0
0,0,0,0,0,0,0,0,0,0
0,0,3,0,0,0,3,0,0,0
0,0,0,0,1,0,0,0,0,0
0,0,12,0,0,0,12,0,0,0
0,0,0,0,0,0,0,0,0,180
0,0,19,19,0,0,0,0,0,0
0,0,0,0,0,0,0,0,0,0
0,0,0,0,0,0,0,0,0,0
0,0,0,0,0,0,0,0,0,0
24,0,24,24,24,0,24,24,24,0
0,0,0,0,0,0,0,0,0,0
0,0,0,0,0,0,0,0,0,0
0,0,1,0,1,0,0,0,0,0
0,0,0,0,0,0,0,0,0,0
0,0,0,0,0,0,0,0,0,0
0,0,1,0,1,0,0,0,0,0
0,0,0,0,0,0,0,0,0,7
0,0,0,0,0,0,0,0,0,0
0,0,0,0,0,0,0,0,0,0
0,0,0,0,0,0,0,0,0,0
0,0,0,0,0,0,0,0,0,0
4,4,0,0,0,4,0,4,0,4
0,0,0,0,0,0,0,0,0,0
0,0,0,0,0,0,0,0,0,0
0,0,0,0,0,0,0,0,0,0
0,0,0,0,0,0,0,0,0,0
0,3,0,0,0,3,0,0,0,3
0,6,0,0,0,6,0,0,0,0
0,0,0,0,0,0,0,0,0,0
0,0,0,0,0,54,0,0,0,0
7,0,0,0,0,0,0,0,0,0
0,0,0,0,0,0,0,0,0,0
17,17,0,17,0,17,0,17,0,17
0,0,1,1,0,0,1,0,0,0
0,0,0,0,0,4,0,0,0,0
0,0,0,0,0,0,0,0,0,0
0,0,1,0,1,0,0,0,0,0
0,0,0,0,0,0,0,0,0,0
0,0,0,0,0,1,0,0,0,0
0,3,0,0,0,3,0,0,0,0
0,0,0,0,0,0,0,0,0,0
0,0,0,0,0,0,0,0,0,0
0,0,0,0,0,0,0,0,0,0
46,46,0,0,0,46,0,0,0,0
0,0,0,0,0,0,0,11,0,0
0,0,0,0,0,0,0,0,0,0
0,0,0,0,0,0,0,0,0,0
0,0,0,0,0,0,0,0,0,0
0,0,0,0,0,0,0,0,0,0
0,70,0,0,0,70,0,0,0,70
0,0,0,0,0,0,0,0,0,0
0,0,2,0,0,0,0,0,0,0
0,0,0,0,0,0,0,0,0,0
0,0,0,0,0,0,0,0,0,0
0,0,0,0,0,0,0,0,0,0
0,0,0,0,0,0,0,0,0,0
0,0,0,0,0,0,0,0,0,0
0,0,0,0,0,0,0,0,0,0
0,0,0,0,0,65,0,0,0,0
0,0,1,0,0,0,1,0,1,0
0,0,0,0,0,1,0,0,0,0
0,0,0,0,0,0,0,0,0,0
0,0,0,0,0,1,0,0,1,0
0,0,7,7,0,0,0,0,0,0
0,0,0,0,0,0,0,0,0,0
0,0,0,0,0,0,0,0,0,0
0,0,1,0,1,0,0,0,0,0
0,0,0,0,0,0,0,0,0,0
0,0,0,0,0,1,0,0,0,0
0,0,0,0,0,0,0,0,0,0
0,0,2,2,0,0,0,0,0,0
0,0,6,6,6,0,0,0,6,0
0,0,1,0,0,0,1,0,1,0
0,0,0,0,0,0,0,0,0,0
0,0,1,0,0,0,1,0,1,0
0,0,0,0,0,0,0,0,0,0
0,0,0,0,0,0,0,0,0,0
0,0,2,2,0,0,0,0,2,0
0,0,0,0,0,0,0,0,1,0
0,0,0,0,0,0,0,0,0,0
0,0,1,0,0,0,0,0,0,0
0,0,0,0,0,0,0,0,0,0
0,0,0,0,0,0,0,0,0,0
0,0,0,0,0,0,0,0,0,0
0,0,0,0,0,0,0,0,0,0
0,0,0,0,0,0,0,0,0,0
0,0,0,0,0,0,0,0,0,0
0,0,1,0,0,0,0,0,0,0
0,0,0,0,0,0,0,0,0,0
0,0,0,0,0,0,0,0,0,0
0,0,0,0,0,0,0,0,0,0
0,0,0,0,0,0,0,0,0,0
0,0,0,0,0,1,0,0,0,1
0,0,0,0,0,0,0,0,0,0
0,0,0,0,0,0,0,0,0,0
0,0,1,1,1,0,0,0,0,0
0,0,0,0,0,15,0,0,0,0
0,0,0,0,0,0,0,0,0,0
0,0,1,1,1,0,0,0,0,0
0,0,4,4,4,0,4,0,4,0
0,0,0,0,0,0,0,0,0,0
1,1,0,0,0,1,0,0,0,0
0,0,0,0,0,2,0,0,0,0
0,0,0,0,0,0,0,0,0,0
0,0,0,0,0,1,0,0,0,0
0,0,5,0,5,0,5,0,0,0
0,0,0,0,0,0,0,0,0,0
0,0,0,0,0,0,0,0,0,0
0,0,0,0,0,0,0,0,0,0
0,0,0,0,0,0,0,0,0,0
0,0,0,0,0,0,0,0,0,0
0,2,0,0,0,2,0,2,0,2
1,1,0,0,0,1,0,0,0,0
1,0,1,1,0,0,1,0,1,0
0,0,0,0,0,0,0,0,0,0
0,0,0,0,0,1,0,0,0,1
0,0,0,0,0,1,0,0,0,0
0,0,0,0,0,12,0,0,0,0
0,0,0,0,0,0,0,0,0,0
0,0,0,0,0,0,0,0,0,0
13,13,13,13,0,13,0,0,0,13
0,0,0,0,0,0,0,0,0,0
0,0,2,2,2,0,0,0,0,0
0,0,0,0,0,0,0,0,0,0
0,0,0,0,0,0,0,0,0,0
2,2,0,2,0,2,2,2,0,2
0,0,0,0,0,0,0,0,0,0
0,0,0,0,0,0,0,0,0,0
0,0,0,0,0,0,0,0,0,0
0,0,0,0,0,0,0,0,0,0
0,0,0,0,0,1,0,0,0,0
4,0,4,4,4,0,4,0,4,0
0,0,1,1,0,0,0,0,0,0
0,0,0,0,0,0,0,0,0,0
2,0,2,0,0,0,0,0,0,0
0,0,0,0,0,0,0,0,0,0
0,0,0,0,0,0,0,0,0,0
0,0,0,0,0,0,0,0,0,0
0,0,0,0,0,0,0,0,0,0
0,0,0,0,0,6,0,0,0,6
1,0,1,1,1,0,0,0,1,0
0,0,0,0,0,1,0,0,0,0
0,0,0,0,0,0,0,0,0,0
0,0,0,0,0,0,0,0,0,0
0,0,0,11,0,0,0,0,0,0
0,0,1,1,0,0,0,0,1,0
0,0,0,0,0,0,0,0,0,0
0,0,2,0,0,0,0,0,0,0
0,0,0,0,0,12,0,0,0,0
0,0,1,0,0,0,0,0,1,0
0,0,0,0,0,0,0,0,0,0
0,0,0,0,0,0,0,0,0,0
0,0,0,0,0,2,0,0,0,0
0,0,1,1,0,0,1,0,1,0
0,0,0,0,0,0,0,0,0,0
0,0,1,0,0,0,0,0,0,0
0,0,0,0,0,0,0,0,0,0
0,0,0,0,0,0,10,10,0,0
0,0,0,0,0,0,0,0,0,0
9,0,0,0,0,0,0,0,0,0
0,0,0,0,0,0,0,0,0,0
0,0,6,6,0,0,6,0,6,0
0,0,1,0,0,0,0,0,0,0
0,0,0,0,0,0,0,0,0,0
0,0,0,0,0,0,0,0,0,0
0,6,0,0,0,6,0,0,0,6
0,0,0,0,0,0,0,0,0,0
0,0,1,0,0,0,0,0,0,0
0,0,0,0,0,0,0,0,0,0
0,0,0,0,0,0,0,0,0,0
0,0,0,0,0,2,0,0,0,0
0,0,0,0,0,0,0,0,0,0
0,0,0,0,0,0,0,0,0,0
0,0,1,1,0,0,0,0,0,0
0,0,0,0,0,0,0,0,0,0
0,0,0,0,0,0,0,0,0,0
0,0,0,0,0,0,0,0,0,0
0,0,0,0,0,6,0,6,0,0
0,0,0,0,0,3,0,0,0,0
0,0,2,0,0,0,0,0,0,0
0,0,0,0,0,1,0,0,0,1
0,0,0,0,0,4,0,0,0,4
0,0,0,0,0,0,0,0,0,2
21,21,0,0,0,21,0,21,0,0
4,0,0,0,0,4,0,0,0,4
0,0,0,0,0,0,0,0,0,0
0,0,0,0,0,0,0,0,0,0
0,0,0,0,0,0,0,0,0,0
0,0,0,0,0,2,0,0,0,0
0,0,0,0,0,0,0,0,0,0
0,0,0,0,0,0,0,0,0,0
0,0,0,0,0,0,0,0,0,0
0,0,0,0,0,0,0,0,0,0
0,0,0,0,0,0,0,0,0,0
0,0,6,0,6,0,6,0,0,0
0,0,0,0,0,0,0,0,0,0
0,0,0,0,0,0,0,0,0,0
0,0,0,0,0,0,0,0,0,0
0,0,3,3,0,0,0,0,3,0
0,0,1,0,0,0,0,0,0,0
0,0,0,0,0,1,1,0,1,1
0,0,0,0,0,0,0,0,0,0
0,0,0,0,0,0,0,0,0,0
10,10,0,0,0,10,0,10,0,10
0,0,0,0,0,0,0,0,0,0
0,0,0,0,0,0,0,0,0,0
0,0,0,0,0,0,0,0,0,0
0,0,0,0,0,0,0,0,0,0
0,0,0,0,0,0,0,0,0,0
0,0,0,0,0,0,0,0,0,0
4,0,4,0,0,4,0,0,4,0
0,0,0,0,0,1,0,0,0,0
0,0,2,0,2,0,2,2,2,0
0,0,1,0,0,0,0,0,0,0
0,0,0,0,0,0,0,0,0,0
0,0,0,0,0,3,0,0,0,0
0,0,0,0,0,0,0,0,0,0
0,0,0,0,0,0,0,0,0,1
0,0,0,0,0,0,0,0,0,0
0,0,1,0,0,0,1,0,1,0
0,0,0,0,0,0,0,0,0,0
0,0,13,13,0,0,0,0,0,0
0,0,0,0,0,0,0,0,0,0
0,0,0,0,0,0,0,0,0,1
0,0,0,0,0,0,0,0,0,0
0,0,0,0,0,0,0,0,0,0
0,0,0,0,0,0,0,0,0,0
0,0,0,0,0,11,0,0,0,0
0,2,0,0,0,2,0,0,0,0
0,0,1,0,0,0,1,0,1,0
0,0,0,0,0,0,0,0,0,0
0,0,1,0,0,0,0,0,0,0
0,0,2,2,0,0,0,0,0,0
0,0,1,1,1,0,1,0,1,0
0,0,0,0,0,0,0,0,0,0
0,0,2,2,0,0,2,0,2,0
0,4,0,0,0,4,0,0,0,0
0,0,0,0,0,1,0,0,0,1
0,0,0,0,0,7,0,0,0,0
0,0,0,0,0,5,0,0,0,0
0,0,1,0,1,0,1,0,1,0
0,0,0,0,0,0,0,0,0,0
0,0,9,0,0,0,0,0,0,0
0,0,0,0,0,0,0,0,0,0
0,0,1,0,1,0,0,0,1,0
0,0,0,0,0,0,0,0,0,0
0,0,69,69,0,0,69,0,0,0
0,0,0,0,0,0,0,0,5,5
0,0,0,0,0,0,0,0,0,0
0,0,0,1,0,0,0,0,0,0
0,0,0,0,0,0,0,0,0,0
0,0,0,0,0,0,0,0,0,0
0,0,0,0,0,5,0,0,0,0
0,0,0,0,0,0,0,0,0,0
0,0,0,0,0,0,0,0,0,0
0,0,0,0,0,0,0,0,0,0
0,0,1,0,0,0,1,0,1,0
1,0,1,0,0,1,0,0,0,0
0,0,0,0,0,8,0,0,0,0
0,0,0,0,0,0,0,0,0,0
0,0,2,2,0,0,0,0,0,0
0,0,0,0,0,0,0,0,0,0
0,0,0,0,0,0,0,0,0,0
3,0,0,0,0,3,0,0,0,0
0,0,0,0,0,0,0,0,0,0
0,0,0,0,0,0,0,0,0,0
0,0,0,0,0,1,0,0,0,1
0,0,1,0,1,0,0,0,0,0
0,0,0,0,0,0,0,0,0,0
0,0,0,0,0,1,0,0,0,0
0,0,0,0,0,0,0,0,0,0
0,0,2,2,0,0,0,0,0,0
0,0,0,0,0,0,0,0,0,0
0,0,0,0,0,11,0,0,0,0
2,2,0,0,0,2,0,2,0,2
0,0,0,0,0,1,0,0,0,0
1,1,0,0,0,1,0,1,0,0
0,0,0,0,0,0,0,0,0,0
0,3,0,0,0,3,0,0,0,0
0,0,0,0,0,0,0,0,0,0
0,0,0,0,0,0,0,0,0,0
0,1,0,0,0,1,0,0,0,0
0,0,0,0,0,2,0,0,0,0
2,2,2,0,0,2,0,2,2,0
0,0,3,3,0,0,0,0,3,0
0,0,0,0,0,0,0,0,0,0
0,0,0,0,0,0,0,0,0,0
0,0,0,0,0,0,0,0,0,0
0,0,0,0,0,0,0,0,0,0
0,0,0,0,0,0,0,0,0,0
0,0,0,0,0,0,0,0,0,0
0,0,0,0,0,0,0,0,0,0
0,0,0,0,0,0,0,0,0,0
0,0,106,0,0,0,106,0,106,0
0,0,0,0,0,0,0,0,0,0
0,0,0,0,0,0,0,0,0,0
2,0,0,0,0,2,0,0,0,2
0,0,0,0,0,0,0,0,0,0
0,0,0,0,0,0,0,0,0,0
0,0,0,0,0,0,0,0,0,0
0,25,0,25,0,25,0,0,0,0
0,0,0,0,0,2,0,0,0,0
0,0,16,0,0,0,0,0,16,0
134,134,0,0,0,134,0,0,0,134
0,0,0,0,0,0,0,0,0,0
0,0,0,0,0,0,0,0,0,0
0,0,0,0,0,0,0,0,0,0
0,0,0,0,0,0,0,0,0,0
0,0,0,0,0,0,0,0,0,0
0,0,0,0,0,17,0,0,0,0
0,0,0,0,0,0,0,0,0,0
0,0,0,0,0,0,0,0,0,0
0,0,0,0,0,0,0,0,0,0
0,0,0,0,0,0,0,0,0,0
1,0,0,0,0,1,1,1,0,0
0,0,3,3,3,0,0,0,3,0
0,0,0,0,0,0,0,0,0,0
0,0,0,0,0,0,0,0,0,0
0,0,0,0,0,0,0,0,0,0
0,0,0,0,0,0,0,0,0,0
0,26,0,0,0,26,0,0,0,26
0,0,1,0,0,0,1,0,1,0
0,0,0,4,0,4,0,0,0,0
0,0,0,0,0,0,0,0,0,0
0,0,0,0,0,0,0,0,0,0
0,0,0,0,0,0,0,0,0,0
0,0,0,0,0,0,0,0,0,0
0,0,0,0,0,1,0,0,0,0
0,0,3,3,3,0,3,0,3,0
4,4,0,0,0,4,0,4,0,4
0,0,0,0,0,0,0,0,0,0
0,0,0,0,0,0,0,0,0,0
0,0,1,1,1,0,0,0,1,0
0,0,0,0,0,0,0,0,0,0
0,0,0,0,0,3,0,0,0,0
4,0,0,0,0,0,0,0,0,0
0,0,0,0,0,0,0,0,0,0
0,0,1,0,0,1,0,0,0,0
0,0,0,0,0,3,0,0,0,0
0,0,2,2,0,0,2,0,2,0
0,0,0,0,0,0,0,0,0,0
0,0,0,0,0,0,0,0,0,0
0,0,0,0,0,0,0,0,0,0
0,0,0,0,0,0,0,0,0,3
0,14,0,0,0,14,0,0,0,0
0,0,0,0,0,15,0,0,0,0
0,0,0,0,0,0,0,0,0,0
2,0,0,0,0,0,0,0,0,0
0,0,0,0,0,0,0,0,0,0
0,0,0,0,0,0,0,60,0,0
0,0,4,0,4,0,4,0,0,0
0,0,0,0,0,0,0,0,0,0
0,0,0,0,0,1,0,0,0,0
0,0,0,0,0,0,0,0,0,0
0,0,0,0,0,0,0,0,0,0
0,0,0,0,0,0,0,0,0,0
0,0,0,0,0,0,0,0,0,0
0,0,6,6,6,0,6,0,6,0
0,0,0,0,0,0,0,0,0,0
0,0,0,0,0,0,0,0,0,0
1,1,0,0,0,1,0,1,0,1
0,0,0,0,0,0,0,0,0,0
0,0,0,0,0,0,0,0,0,0
0,0,0,0,0,0,0,0,2,0
0,0,0,0,0,0,0,0,0,0
0,0,0,14,14,14,0,0,0,0
0,0,0,0,0,0,0,0,0,0
0,0,1,0,0,0,0,0,0,0
0,0,0,0,0,0,0,0,0,0
0,0,1,0,1,0,1,0,0,0
0,0,0,0,0,0,0,0,0,0
0,0,0,0,0,0,0,0,0,0
0,0,0,0,0,0,0,0,0,0
0,0,9,0,9,0,9,0,0,0
0,0,0,0,0,0,0,0,0,0
0,0,0,0,0,0,0,0,0,0
0,0,0,0,0,0,0,0,0,0
0,0,0,0,0,0,0,0,0,0
0,0,0,0,0,2,0,0,0,0
0,0,0,0,0,0,0,0,0,0
0,0,0,0,0,0,0,0,0,0
0,0,0,0,0,0,0,0,0,4
0,0,0,0,0,0,0,0,0,0
7,7,0,0,0,7,0,0,7,0
0,0,0,0,0,0,0,0,0,0
0,0,0,0,0,0,0,0,0,0
0,0,0,0,0,0,0,0,0,0
0,0,0,0,0,0,0,0,0,0
0,1,0,0,0,1,0,0,0,0
0,0,0,0,0,0,0,0,0,0
0,0,0,0,0,4,0,0,0,0
0,0,0,0,0,0,0,0,0,0
0,0,0,0,0,1,0,0,0,0
0,0,2,0,0,0,2,2,2,0
0,0,0,0,0,0,0,0,0,0
0,0,0,0,0,0,0,0,0,0
0,0,0,0,0,2,0,0,0,0
8,0,0,0,0,0,0,0,0,0
0,0,7,0,0,0,0,0,0,0
0,0,0,0,0,0,0,0,0,0
0,0,0,0,0,0,0,0,0,0
216,0,0,0,0,0,0,0,0,0
0,0,0,0,0,0,0,0,0,0
0,0,0,0,0,0,0,0,0,0
0,0,1,0,0,0,0,0,0,0
1,0,1,1,0,0,0,1,0,0
0,0,0,0,0,0,0,0,0,0
0,0,0,0,0,0,0,0,0,7
0,0,0,0,0,0,0,0,0,0
0,18,0,0,0,18,0,18,0,18
1,0,0,0,0,1,0,0,0,1
0,14,0,0,0,14,0,0,0,14
0,0,32,0,0,0,0,0,0,0
0,0,7,7,7,0,7,0,7,0
0,0,0,0,0,1,0,0,1,1
0,0,0,0,0,11,0,0,0,0
0,0,0,0,0,0,0,0,0,0
0,0,0,0,0,0,0,0,0,0
0,0,0,0,0,0,0,0,0,0
0,0,0,0,0,0,0,0,0,0
0,0,0,0,0,10,0,0,0,0
0,0,0,0,0,0,0,0,0,0
0,0,12,0,0,0,12,0,0,0
0,0,0,0,0,2,0,0,0,0
0,0,0,0,0,3,0,0,0,3
0,0,0,0,0,0,0,0,0,0
0,0,4,0,0,0,4,0,0,0
0,0,0,0,0,0,0,0,0,0
0,0,2,0,0,0,0,0,0,0
0,0,0,0,0,0,0,0,0,0
0,0,0,0,0,0,0,0,0,0
0,0,0,0,0,0,0,0,0,0
0,0,0,0,0,0,0,0,0,0
0,0,0,0,0,0,0,0,0,12
0,0,2,0,2,0,2,0,2,0
0,0,0,0,0,0,0,0,0,0
0,0,0,0,0,0,0,0,0,0
1,1,0,0,0,1,0,1,0,1
0,0,0,0,0,1,0,0,0,0
0,0,0,0,0,0,0,0,0,0
0,0,0,0,0,0,0,0,0,0
0,0,0,0,0,3,0,0,0,0
0,0,0,0,0,0,0,0,0,0
0,0,0,0,0,0,1,1,0,0
0,0,0,0,0,0,0,0,0,0
0,0,0,0,0,0,0,0,0,0
1,0,0,0,0,0,0,0,0,0
0,0,1,1,1,0,1,0,0,0
0,0,0,0,0,0,0,0,0,0
0,0,0,0,0,12,0,0,0,0
0,0,1,1,0,0,0,0,0,0
0,0,1,1,0,0,0,0,0,0
0,0,2,2,2,0,2,0,2,0
0,0,0,0,0,0,0,0,0,0
0,0,0,0,0,0,0,0,0,0
0,0,0,0,0,0,0,0,0,0
0,0,0,0,0,37,0,0,0,37
0,0,3,0,0,0,3,3,3,0
0,0,0,0,0,0,0,0,0,0
0,0,0,0,0,58,0,0,0,0
0,0,0,0,0,0,0,0,0,0
0,0,0,0,0,0,0,0,0,0
0,0,0,0,0,1,0,0,0,1
0,0,16,16,0,0,0,0,16,0
0,0,2,2,0,0,0,0,2,0
0,0,0,0,0,0,0,7,0,0
0,0,0,0,0,0,0,0,0,0
0,0,19,19,0,0,0,19,0,0
0,0,0,0,0,0,0,0,0,0
0,0,0,0,0,0,0,0,0,0
0,2,0,0,2,2,0,0,0,2
0,0,0,0,0,0,0,0,0,0
0,0,0,0,0,0,0,0,0,71
0,0,0,0,0,0,0,0,0,0
0,0,0,0,0,0,0,0,0,0
0,0,0,0,0,0,0,0,0,0
0,0,0,0,0,0,0,0,0,0
0,0,0,0,0,0,0,0,83,0
3,3,3,0,0,3,0,3,3,0
0,0,6,6,0,0,0,0,0,0
0,0,14,0,14,0,0,0,0,0
0,0,0,0,0,2,0,0,0,0
0,0,0,0,0,0,0,0,0,0
0,0,0,0,0,0,0,0,0,0
0,0,0,0,0,0,0,0,0,0
0,0,0,0,0,0,0,0,0,0
2,2,2,0,0,2,0,2,0,2
0,0,0,0,0,0,0,0,0,0
0,0,0,0,0,0,0,0,0,0
1,0,0,0,0,1,0,0,0,0
0,0,0,0,0,0,0,0,0,0
0,0,2,2,2,0,0,0,2,0
0,0,0,0,0,0,0,0,0,0
0,0,0,0,0,3,0,0,0,0
0,0,5,5,5,0,5,0,5,0
0,0,0,0,0,0,0,0,0,0
3,0,3,0,0,0,0,0,3,0
3,3,0,0,0,3,0,0,0,0
0,3,0,0,0,3,0,0,0,0
0,0,0,0,0,0,0,0,0,0
0,0,1,0,1,0,0,0,0,0
0,0,6,0,0,0,0,0,6,0
0,0,0,0,0,0,0,0,0,0
0,0,6,6,0,0,0,0,0,0
0,0,0,0,0,1,0,0,0,1
0,0,0,0,0,0,0,0,0,0
0,0,1,0,0,0,0,0,0,0
0,0,0,0,0,0,0,0,0,0
0,0,0,0,0,0,0,0,0,6
0,0,0,0,0,2,0,0,0,2
3,3,0,0,0,3,0,0,0,3
0,0,0,0,0,0,0,0,0,0
0,0,1,1,1,0,1,1,1,0
0,0,0,0,0,5,0,0,0,5
0,0,0,0,0,0,0,0,0,0
0,0,0,0,0,0,0,0,0,0
0,0,0,0,0,0,0,0,0,0
0,0,0,0,0,0,0,0,0,0
0,0,1,1,0,0,0,0,0,0
0,0,4,4,0,0,0,0,0,0
0,0,0,0,0,26,0,0,0,26
0,0,0,0,0,0,0,0,83,0
62,0,62,0,0,0,0,0,0,0
0,0,0,0,0,0,0,0,0,0
0,0,1,0,0,1,0,1,1,0
0,0,0,0,0,0,0,0,0,0
0,0,0,0,0,1,0,0,0,0
20,20,0,0,0,20,0,0,0,20
0,0,0,0,0,0,0,0,0,0
0,0,0,0,0,8,0,0,0,8
0,0,2,2,0,0,2,0,0,0
0,0,0,0,0,0,0,0,0,0
0,1,0,0,0,1,0,1,0,1
0,4,0,0,0,4,0,0,0,0
0,0,0,0,0,0,0,0,0,0
0,0,6,0,0,0,0,0,0,0
0,0,0,0,0,0,0,0,0,0
0,0,0,0,0,1,0,0,0,0
0,0,16,0,16,0,0,0,0,0
0,0,0,0,0,4,0,0,0,0
0,4,0,0,0,4,0,0,0,0
0,0,0,0,0,0,0,0,0,0
0,0,0,0,0,0,0,0,0,0
0,0,0,0,0,0,0,0,0,0
0,149,0,0,0,149,0,0,0,0
0,0,0,0,0,83,0,0,0,0
0,0,0,0,0,0,0,0,0,0
0,0,0,0,0,7,0,0,0,7
0,0,1,0,1,0,0,0,1,0
0,0,0,0,0,1,0,0,0,0
0,0,4,4,4,0,4,0,4,0
2,0,2,0,0,2,0,0,2,0
0,0,0,0,0,0,0,0,0,0
0,0,0,0,0,1,0,0,0,0
0,0,3,3,0,0,3,3,3,0
1,0,1,0,0,0,0,0,1,0
0,0,10,0,0,0,0,0,0,0
0,0,5,0,5,0,0,0,0,0
0,0,0,0,0,0,0,0,0,0
0,0,0,0,0,0,0,0,0,0
0,0,15,0,0,0,0,0,0,0
0,0,0,0,0,0,0,0,0,0
0,0,0,0,0,2,0,0,0,0
0,0,0,0,0,0,0,0,0,0
0,1,0,0,0,1,0,0,0,0
0,0,0,0,0,81,0,0,0,0
0,0,0,0,0,6,0,0,0,0
0,0,0,0,0,2,0,0,0,0
0,0,0,0,0,0,0,0,0,0
0,0,12,0,12,0,12,0,0,0
0,0,0,0,0,44,0,0,0,0
0,0,0,0,0,1,0,0,0,0
0,0,1,0,0,0,0,0,1,0
0,0,0,0,0,0,0,0,0,0
0,0,0,0,0,0,0,0,0,0
0,0,0,0,0,0,0,0,0,0
0,5,0,0,0,5,0,0,0,5
2,2,0,0,0,2,0,2,0,2
0,0,0,0,0,0,0,0,0,0
0,0,1,0,0,0,0,0,0,0
0,0,0,0,0,0,0,0,0,0
0,0,0,0,0,0,0,0,0,0
306,306,0,0,0,306,0,0,0,306
0,0,0,0,0,1,0,0,0,0
0,0,0,0,0,0,0,0,0,1
0,0,0,0,0,0,0,0,0,0
0,0,1,0,1,0,1,0,1,0
0,0,0,0,0,0,0,0,0,0
0,0,0,0,0,0,0,0,0,2
0,0,2,0,2,0,0,0,0,0
0,0,0,0,0,0,0,0,0,0
0,0,0,0,0,0,0,0,0,0
0,0,0,0,0,0,0,0,0,0
0,0,0,0,0,0,0,0,0,0
0,0,0,0,0,0,0,0,0,0
0,0,0,0,0,0,0,0,3,0
0,0,4,0,0,0,0,0,0,0
0,0,3,0,0,0,0,0,3,0
0,0,0,0,0,0,0,0,0,0
0,0,0,0,0,6,0,0,0,0
0,0,0,0,0,0,0,0,0,0
216,216,0,0,0,216,0,216,0,216
0,0,0,0,0,0,0,0,0,0
0,0,0,0,0,0,0,0,0,0
4,0,0,0,0,0,0,0,0,0
1,1,0,0,0,1,0,1,0,0
0,0,1,0,0,0,0,0,0,0
0,0,0,0,0,0,0,0,0,0
0,0,0,0,0,0,0,0,0,0
0,0,18,18,0,0,18,0,18,0
0,0,0,0,0,0,0,0,0,0
0,0,0,0,0,0,0,41,0,0
0,0,0,0,0,0,0,0,0,0
6,0,0,0,0,0,0,0,0,0
0,0,0,0,0,0,0,0,0,0
0,0,0,0,0,0,0,0,0,0
0,0,0,0,0,0,0,0,0,0
0,0,0,0,0,0,0,0,0,0
0,0,0,0,0,0,0,0,0,0
0,0,1,1,0,0,0,0,1,0
0,0,0,0,0,0,0,0,0,1
0,0,0,0,0,0,0,0,0,0
0,0,0,0,0,0,0,0,0,0
2,2,0,0,0,2,0,2,0,2
0,0,0,0,0,0,0,0,0,0
0,0,0,0,0,2,0,0,0,0
0,0,0,0,0,0,0,0,0,0
0,0,0,0,0,3,0,0,0,0
0,0,1,1,0,0,0,0,1,0
0,0,0,0,0,12,0,0,0,0
0,0,2,0,0,0,0,0,0,0
0,0,0,0,0,0,0,0,0,0
0,0,0,0,0,10,0,0,0,0
0,0,0,0,0,0,0,0,0,0
0,0,0,0,0,0,0,0,0,0
0,0,0,0,0,6,0,0,0,0
0,0,0,0,0,0,0,0,0,0
0,0,0,0,0,0,0,0,0,0
0,0,1,0,0,0,1,0,1,0
0,0,0,0,0,2,0,0,0,2
0,0,0,0,0,0,0,0,0,10
0,0,0,0,0,0,0,0,0,0
0,0,0,0,0,0,0,0,0,0
0,0,0,0,0,3,0,0,0,0
0,0,0,0,0,1,0,0,0,0
0,0,1,0,1,0,0,0,1,0
0,0,0,0,0,0,0,0,0,0
0,0,0,0,0,18,0,0,0,0
0,0,0,0,0,0,0,0,0,0
0,0,0,0,0,0,0,0,0,0
0,0,0,0,0,0,0,0,0,0
0,0,0,0,0,0,0,0,0,0
0,0,0,0,0,0,0,0,0,0
0,0,19,19,19,0,19,0,19,0
0,0,0,0,0,0,0,0,0,0
0,0,0,0,0,12,0,0,0,0
0,0,0,0,0,0,0,0,0,0
0,0,4,0,0,0,0,0,0,0
0,0,0,0,0,0,0,0,0,0
10,10,0,0,0,10,0,0,0,10
0,0,0,0,0,0,0,0,0,0
0,0,0,0,0,0,0,0,0,0
0,0,1,0,0,0,0,0,0,0
0,0,0,0,0,0,0,0,0,0
0,0,0,0,0,0,0,0,0,0
0,1,0,0,0,1,0,0,0,0
0,0,0,0,0,0,0,0,0,0
0,1,0,0,0,1,0,0,0,0
0,0,0,0,0,6,0,0,0,0
0,0,0,0,0,0,0,0,0,0
0,0,1,1,0,0,0,0,1,0
0,0,0,0,0,0,0,0,0,6
0,0,0,0,0,0,0,0,0,0
0,0,0,0,0,0,0,0,0,0
0,0,2,0,0,0,0,0,0,0
0,0,0,0,0,0,0,0,0,0
0,0,0,0,0,95,0,0,0,0
0,0,0,0,0,0,0,0,0,0
0,0,0,0,0,7,0,0,0,0
0,0,0,0,0,0,0,0,0,0
0,0,0,0,0,0,0,0,0,0
0,0,0,0,0,0,0,0,0,0
0,0,1,1,0,0,0,0,0,0
0,0,0,0,0,0,0,0,0,0
0,0,0,0,0,0,0,0,0,0
0,0,2,0,0,0,0,0,0,0
0,0,0,0,0,0,0,0,0,0
0,0,10,0,0,0,0,0,0,0
0,0,0,0,0,0,0,0,0,0
0,0,0,0,0,0,0,0,0,0
0,0,0,0,0,0,0,0,0,0
0,0,0,0,0,0,0,0,0,0
0,0,0,0,0,0,0,0,0,0
0,0,0,0,0,0,0,0,0,0
0,0,0,0,0,0,0,0,0,0
0,0,0,0,0,36,0,0,0,0
0,0,1,0,0,0,0,0,0,0
0,0,0,0,0,0,0,0,0,0
0,0,0,0,0,0,0,0,0,0
0,0,0,0,0,0,0,0,0,0
0,0,0,0,0,0,0,0,0,14
0,0,0,0,0,0,0,0,0,0
0,0,0,0,0,9,0,0,0,0
0,0,0,0,0,0,0,0,0,0
0,0,0,0,0,0,0,0,0,0
0,0,1,1,1,0,1,0,1,0
0,0,1,0,0,0,1,0,1,0
0,0,0,0,0,0,0,0,0,0
0,0,0,0,0,0,0,0,0,0
0,0,0,0,0,0,0,0,0,6
0,0,0,0,0,0,0,0,0,0
0,0,0,0,0,0,0,0,0,0
0,0,0,0,0,0,0,0,0,0
0,0,0,0,0,0,0,0,0,0
0,0,0,0,0,6,0,0,0,0
0,0,0,0,0,0,0,0,0,0
0,0,0,0,0,0,0,0,0,0
1,1,0,0,0,1,0,0,0,1
27,0,0,0,0,0,0,0,0,0
0,0,0,0,0,0,0,0,0,0
0,53,0,0,0,53,0,0,0,53
0,0,2,0,0,0,0,0,0,0
3,3,0,3,0,3,3,3,3,3
0,0,0,0,0,0,0,0,0,0
0,0,0,0,0,0,0,0,0,0
0,0,0,0,0,0,0,0,0,0
0,0,0,0,0,9,0,0,0,0
0,0,1,0,1,0,0,0,1,0
0,0,0,0,0,0,0,0,0,0
0,0,0,0,0,0,0,0,0,0
0,0,0,0,0,0,0,0,0,0
0,0,0,0,0,0,0,0,0,0
0,0,1,0,0,0,0,0,0,0
0,0,2,0,2,0,2,0,2,0
0,0,0,0,0,1,0,0,0,0
0,0,0,0,0,0,0,0,0,0
0,0,0,0,0,0,0,0,0,0
0,0,0,0,0,0,0,0,0,0
0,0,0,0,0,3,0,0,0,3
1,0,0,0,0,0,0,0,0,0
0,0,0,0,0,0,0,0,0,0
13,0,0,0,0,0,0,0,0,0
0,0,18,18,0,0,0,0,0,0
0,0,0,0,0,0,0,0,0,0
1,0,0,0,0,1,0,0,1,0
0,0,0,0,0,0,0,0,0,0
0,0,0,0,0,0,0,0,0,0
1,0,0,0,0,1,0,0,0,0
0,2,0,0,0,2,0,0,0,0
0,0,0,0,0,0,0,0,0,0
2,2,0,2,0,2,0,0,0,0
0,0,0,0,0,0,0,0,0,0
0,0,0,0,0,0,0,0,0,0
0,0,0,0,0,8,0,0,0,0
0,0,3,0,0,0,0,0,0,0
0,0,0,0,0,0,0,0,0,0
0,0,0,0,0,1,0,0,0,1
1,0,1,0,0,0,1,0,1,0
0,0,0,0,0,1,0,0,0,1
18,18,0,0,0,18,0,18,0,0
0,0,1,0,0,0,0,0,0,0
1,0,0,0,0,1,0,0,0,0
0,0,0,0,0,0,0,0,0,1
0,0,0,0,0,0,0,0,0,0
0,0,0,0,4,0,0,0,0,0
0,0,0,0,0,0,0,0,0,0
0,0,1,1,0,0,0,0,0,0
0,1,0,0,0,1,0,0,0,1
0,0,0,0,0,0,0,0,0,0
1,0,0,0,0,0,0,0,0,0
0,0,0,0,0,0,0,0,0,0
0,0,0,0,0,0,0,0,0,0
0,0,1,0,0,0,0,0,0,0
3,3,0,0,0,3,0,3,0,3
0,0,0,0,0,0,0,0,0,0
0,0,0,0,0,0,0,0,0,1
0,0,0,0,0,0,0,0,0,0
0,0,0,0,0,0,0,0,0,0
0,0,0,0,0,0,0,0,0,0
7,7,0,0,0,7,0,7,7,0
0,0,0,0,0,0,0,0,0,0
0,0,0,0,0,0,0,0,0,0
0,0,0,0,0,0,0,0,0,0
0,0,0,0,0,0,0,0,0,0
0,0,0,0,0,0,0,0,0,0
0,0,1,1,0,0,0,0,1,0
0,4,0,4,4,4,4,0,4,4
2,0,0,0,0,0,0,0,0,0
0,0,0,0,0,0,0,0,0,0
0,0,0,0,0,0,0,0,0,0
0,0,0,0,0,0,0,0,0,0
0,0,0,0,0,0,0,0,0,0
0,2,0,0,0,2,0,2,0,0
0,0,0,0,0,0,0,0,0,0
0,0,0,0,0,2,0,0,0,0
0,0,0,1,0,0,0,0,0,0
0,11,0,0,0,11,0,0,0,0
0,0,0,0,0,0,0,0,0,0
4,0,0,0,0,4,0,0,0,0
0,0,0,0,0,0,0,0,0,0
0,0,0,0,0,1,0,0,0,0
0,0,0,0,0,0,0,0,0,3
0,0,0,0,0,0,0,0,0,0
0,0,0,0,0,0,0,0,0,0
0,0,0,0,0,2,0,0,0,0
0,0,0,0,0,0,0,0,0,0
0,0,0,0,0,0,0,0,0,0
59,0,0,0,0,0,0,0,0,0
0,0,0,0,0,0,0,0,0,0
0,0,0,0,0,0,0,0,0,0
0,0,0,0,0,0,0,0,0,0
39,0,0,0,0,0,0,0,0,0
0,0,0,0,0,0,0,0,0,0
0,0,0,0,0,0,0,0,0,0
0,0,5,5,0,0,0,0,0,0
0,0,0,0,0,0,0,0,0,0
0,0,0,0,0,0,0,0,0,0
0,0,0,0,0,0,0,0,0,0
63,0,0,0,0,0,0,0,0,0
0,0,1,1,0,0,0,0,0,0
0,0,0,0,0,0,0,0,0,0
0,0,0,0,0,0,0,0,0,0
0,0,0,0,0,0,0,0,0,0
0,0,0,0,0,0,0,0,0,0
0,0,0,0,0,0,0,0,0,0
0,0,0,0,0,0,0,0,0,0
0,0,3,0,0,0,0,0,0,0
0,0,0,0,0,0,0,0,0,0
0,0,0,0,0,0,0,0,0,0
0,0,0,0,0,0,0,0,0,0
0,0,3,0,0,0,0,0,0,0
0,0,0,0,0,2,0,0,0,0
0,0,0,0,0,0,0,0,0,0
41,41,0,0,0,41,0,0,0,41
0,0,0,0,0,0,0,0,0,0
0,49,0,0,0,49,0,0,0,49
0,0,0,0,0,0,0,0,0,0
0,1,0,0,0,1,0,0,0,1
0,0,0,0,0,0,0,0,0,0
0,0,0,0,0,0,0,0,0,0
0,0,0,0,0,0,0,0,0,0
0,0,0,0,0,0,0,0,0,0
0,0,0,0,0,0,0,0,0,0
0,0,0,0,0,1,0,0,0,1
0,0,1,0,1,0,1,0,0,0
0,0,0,0,0,0,0,0,0,0
0,0,4,0,0,0,0,0,0,0
0,0,0,0,0,0,0,0,0,1
0,0,6,0,0,0,0,0,0,0
0,0,0,0,0,0,0,0,0,0
0,0,0,0,0,15,0,0,0,0
0,0,0,0,0,0,0,0,0,0
0,0,0,0,0,0,0,0,0,0
0,0,2,0,0,0,0,0,0,0
0,0,1,1,0,0,1,0,1,0
0,0,0,0,0,0,0,0,0,0
7,7,0,0,0,7,0,7,0,7
0,0,0,0,0,0,0,0,0,0
0,0,0,0,0,0,0,0,0,0
0,0,0,0,0,2,0,0,0,2
0,0,0,0,0,0,0,0,0,0
0,0,0,0,0,0,0,0,0,0
0,0,0,0,0,1,0,0,0,0
0,0,0,0,0,3,0,0,0,3
0,0,0,0,0,1,0,0,0,1
0,0,1,0,0,0,0,0,0,0
0,0,0,0,0,0,0,0,0,0
0,0,0,0,0,0,0,0,0,0
0,0,0,0,0,0,0,0,0,0
0,0,0,0,0,0,0,0,0,0
0,0,1,0,0,0,0,0,0,0
1,1,0,0,0,1,0,1,0,1
0,0,2,0,0,0,0,0,0,0
0,0,0,0,0,1,0,0,0,0
0,0,6,0,0,0,6,0,0,0
4,0,0,0,0,4,0,0,4,4
0,0,0,0,0,0,0,0,1,0
0,0,2,2,0,0,0,0,2,0
0,0,2,0,0,0,2,0,0,0
0,0,0,0,0,4,0,0,0,0
1,0,1,0,0,0,1,0,0,1
0,9,0,0,0,9,0,0,0,9
0,0,0,0,0,3,0,0,0,0
0,0,0,0,0,0,0,0,0,2
0,0,0,0,0,0,0,0,0,4
0,0,0,0,0,1,0,0,0,0
0,0,0,0,0,0,0,0,0,0
0,0,0,0,0,0,0,0,0,0
0,0,0,0,0,0,0,0,0,0
0,0,0,0,0,0,0,0,0,0
0,0,0,0,0,0,0,0,0,0
0,0,0,0,0,0,0,0,0,0
0,0,0,0,1,1,0,0,0,1
0,0,0,0,0,0,0,0,0,0
0,0,0,0,0,0,0,0,0,0
0,0,0,0,0,0,0,0,0,0
0,0,0,0,0,0,0,0,0,0
0,0,0,0,0,0,0,0,0,0
0,0,0,0,0,0,0,0,0,0
0,0,0,0,0,0,0,0,0,0
0,0,9,9,0,0,0,0,9,0
0,0,0,0,0,0,0,0,0,0
0,0,0,0,0,0,0,0,0,0
0,0,0,0,0,0,0,0,0,0
5,0,0,0,0,0,0,0,0,0
0,0,0,0,0,0,0,0,0,0
0,0,5,0,0,0,5,0,0,0
0,1,0,0,0,1,0,0,0,1
0,0,0,0,0,0,0,0,0,0
0,0,0,0,0,0,0,0,0,0
0,0,0,0,0,7,0,0,0,0
0,0,0,0,0,0,0,0,0,0
0,0,0,0,0,0,0,0,0,0
0,0,0,0,0,0,0,0,0,0
0,0,0,0,0,2,0,0,0,0
0,0,0,0,0,0,0,0,0,0
0,0,0,0,0,0,0,0,0,0
0,0,1,0,0,0,0,0,1,0
0,0,0,0,0,0,0,0,0,0
0,0,0,0,0,0,0,5,0,0
0,0,0,0,0,0,0,0,0,0
0,0,0,0,0,0,0,0,0,0
46,46,0,0,0,46,0,0,0,46
14,0,14,0,0,0,0,0,0,0
0,0,0,0,0,0,0,0,0,0
0,0,0,0,0,0,0,0,0,0
2,0,0,0,0,2,0,0,0,0
0,0,1,0,1,0,1,0,0,0
0,0,0,0,0,3,0,0,0,3
0,0,0,0,0,0,0,0,0,0
0,0,0,0,0,0,0,0,0,0
0,0,0,0,0,0,0,0,0,0
0,0,0,0,0,0,0,0,0,0
0,0,0,0,0,1,0,0,0,0
0,0,2,2,0,0,2,0,2,0
0,0,15,15,0,0,15,15,15,0
0,0,0,0,0,0,0,0,0,174
0,0,0,0,0,0,0,0,0,0
0,0,0,0,0,0,0,0,0,0
0,0,12,0,0,0,0,0,0,0
0,0,1,0,1,0,0,0,0,0
0,0,0,0,0,0,0,0,0,0
0,0,0,0,0,0,0,0,0,0
0,0,4,4,0,0,0,0,0,0
0,0,0,0,0,0,0,0,0,0
0,0,0,0,0,0,0,0,0,0
1,0,0,0,0,0,0,0,0,1
0,0,0,0,0,0,0,0,0,0
0,0,0,0,0,0,0,0,0,8
0,0,0,0,0,0,0,0,0,0
0,0,0,0,0,0,0,0,0,0
0,0,0,0,0,0,0,0,0,0
0,0,0,0,0,0,0,0,0,0
0,0,0,0,0,0,0,0,0,0
1,1,0,0,0,1,0,0,0,1
0,0,0,0,0,0,0,0,0,0
0,0,2,0,0,0,2,0,0,0
0,0,0,0,0,0,0,0,0,0
0,0,28,28,0,0,0,0,0,0
0,0,0,0,0,0,0,0,0,0
0,0,0,0,0,2,0,0,0,2
0,0,0,0,0,0,0,0,0,0
0,0,1,0,1,0,1,0,0,0
2,2,0,0,0,2,0,2,0,0
0,0,0,0,0,0,0,0,0,0
0,0,1,1,1,0,1,0,1,0
0,0,0,0,0,0,0,0,0,0
0,0,0,0,0,3,0,0,0,0
0,0,0,0,0,0,0,0,0,0
0,0,3,0,3,0,3,0,3,0
0,0,1,0,0,0,0,0,0,0
1,0,0,0,0,1,0,0,0,0
0,0,0,0,0,1,0,0,0,0
0,0,0,0,0,0,0,0,0,0
0,0,0,0,0,0,0,0,0,0
0,0,0,0,0,0,0,0,0,0
0,0,0,0,0,0,0,0,0,0
0,0,0,0,0,0,0,0,0,0
0,0,0,0,0,0,0,0,0,0
0,0,0,0,0,7,0,0,0,0
0,0,0,0,0,0,0,0,0,0
0,0,2,0,0,0,0,0,0,0
0,0,0,0,0,1,0,0,0,0
0,1,0,0,0,1,0,0,0,0
0,0,0,0,0,0,0,0,0,0
0,0,0,0,0,0,0,0,0,0
1,0,1,1,0,0,1,0,1,0
0,0,0,0,0,0,0,0,0,0
0,0,0,0,0,0,0,0,0,0
5,0,0,0,0,5,0,0,0,5
0,0,0,0,0,0,0,0,0,0
0,0,0,0,0,0,0,1,0,0
0,0,0,0,0,0,0,0,0,0
1,0,1,1,0,0,0,0,1,0
2,0,0,0,0,2,0,0,0,0
0,0,0,0,0,1,0,0,0,0
0,0,1,0,0,0,0,0,0,0
1,1,0,0,0,1,0,1,0,1
0,0,0,0,0,0,0,0,0,0
0,0,0,0,0,0,0,0,0,0
0,2,0,0,0,2,0,0,0,2
0,0,0,0,0,0,0,0,0,0
0,0,2,2,0,0,0,0,0,0
0,0,0,0,0,0,0,0,0,0
0,0,0,0,0,1,0,0,0,1
0,0,0,0,0,0,0,0,0,0
0,0,0,0,0,0,0,0,0,0
0,0,0,0,0,0,0,0,0,0
0,0,2,0,0,0,0,0,2,0
0,0,0,0,0,0,0,0,0,0
0,0,0,0,0,0,0,0,0,0
0,0,2,0,0,0,0,2,2,0
0,0,0,0,0,0,0,0,0,0
0,0,0,0,0,0,0,0,0,0
0,0,0,0,0,0,0,0,0,2
0,0,1,0,0,0,0,1,1,0
0,0,0,0,0,0,0,0,0,0
0,0,0,0,0,0,0,0,0,0
0,0,0,0,0,0,0,0,0,0
0,0,0,0,0,0,0,0,0,0
0,0,3,0,0,3,0,0,0,0
0,0,0,0,0,42,0,0,0,0
0,0,0,0,0,0,0,0,0,0
1,0,0,0,0,0,0,0,0,0
0,0,0,0,0,0,0,0,0,0
0,0,0,0,0,4,0,0,0,0
0,0,0,0,0,0,0,0,0,0
0,0,0,0,0,0,0,0,0,0
0,0,0,0,0,1,0,0,1,0
0,0,0,0,0,0,0,0,0,0
0,0,0,0,0,0,0,0,0,0
0,0,0,0,0,0,0,0,0,0
0,0,3,3,0,0,3,0,3,0
0,0,5,0,5,0,5,0,0,0
0,0,0,0,0,0,0,0,0,0
0,0,0,0,0,0,0,0,0,0
0,0,0,0,0,0,0,0,0,0
0,0,0,0,0,0,0,0,0,0
0,0,0,0,0,0,0,0,0,0
0,0,0,0,0,0,0,0,0,0
0,0,0,0,0,0,0,0,0,0
0,0,0,0,0,0,0,0,0,0
0,1,0,0,0,1,0,0,0,1
0,0,0,0,0,0,0,0,0,0
0,0,0,0,0,0,0,0,0,0
0,0,0,0,0,0,0,0,0,0
0,0,0,0,0,0,0,0,0,0
0,0,0,5,0,5,0,0,0,0
0,0,0,0,0,0,0,0,0,0
0,0,0,0,0,0,0,0,0,0
0,0,0,0,0,0,0,0,0,0
0,0,0,0,0,0,0,0,0,0
0,0,0,0,0,0,0,0,0,0
0,0,0,0,0,1,0,0,0,0
0,0,0,0,0,0,0,0,0,0
0,0,0,0,0,0,0,0,0,0
0,0,0,0,0,0,0,0,0,0
0,0,6,0,0,0,6,0,6,0
0,0,2,0,2,0,0,0,0,0
0,0,6,6,6,0,6,0,6,0
0,0,0,0,0,0,0,0,0,0
0,0,0,0,0,0,0,0,0,0
0,0,0,0,0,0,0,0,0,0
0,0,0,0,0,0,0,0,0,0
0,0,4,0,0,0,0,4,0,0
0,0,0,0,0,0,0,0,0,0
0,0,0,0,0,0,0,0,0,0
0,1,0,0,0,1,0,0,0,1
0,0,0,0,0,0,0,0,0,0
0,0,0,0,0,0,0,0,0,0
0,0,0,0,0,41,0,0,0,0
0,0,0,0,0,1,0,0,0,0
0,0,1,1,0,0,0,0,0,0
0,0,0,0,0,0,0,0,0,0
0,0,0,0,0,0,0,0,0,7
0,0,0,0,0,0,0,0,0,0
0,0,0,0,0,0,0,0,0,0
0,0,0,0,0,0,0,0,0,0
0,0,0,0,0,0,0,0,0,0
0,0,1,0,0,0,0,0,0,0
0,0,0,0,0,0,0,0,0,0
0,0,0,0,0,0,0,0,0,0
0,0,0,0,0,2,0,0,0,0
0,0,0,0,0,0,0,0,0,0
9,9,0,0,0,9,0,0,0,0
0,0,0,0,0,0,0,0,0,0
0,0,0,0,0,0,0,0,0,0
0,0,0,0,0,0,0,0,0,0
0,0,0,0,0,0,0,0,0,0
0,0,1,0,0,0,0,0,1,0
0,0,0,0,0,0,0,0,0,0
1,1,0,0,0,1,0,1,0,1
0,0,1,0,0,0,0,0,0,0
0,0,0,0,0,0,0,0,0,0
0,0,0,1,0,1,1,1,0,1
0,1,0,0,0,1,0,0,0,0
0,0,0,0,0,0,0,0,0,0
0,0,0,0,0,0,0,0,0,0
0,0,0,0,0,1,0,0,0,0
12,12,0,0,0,12,0,12,0,12
0,0,0,0,0,0,0,0,0,0
0,0,3,3,3,0,0,0,3,0
0,0,0,0,0,0,0,0,0,0
0,0,0,0,0,0,0,0,0,0
0,0,0,0,0,0,0,0,0,0
0,0,0,0,0,0,0,0,0,0
0,0,0,0,0,0,0,0,0,0
0,0,0,0,0,0,0,0,0,0
0,0,0,0,0,0,0,0,0,0
0,0,0,0,0,0,0,0,0,0
0,0,0,0,0,1,0,0,0,0
0,0,0,0,0,6,0,0,0,0
0,0,0,0,0,0,0,0,0,0
0,0,29,29,0,0,0,0,29,0
0,0,0,0,0,0,0,0,0,0
0,0,0,0,0,0,0,0,0,0
0,0,0,0,0,0,0,0,0,0
0,0,0,0,0,0,0,0,0,0
0,0,0,0,0,0,0,0,0,0
5,5,0,0,0,5,5,0,5,5
0,0,5,0,0,0,0,5,0,0
0,0,0,0,0,0,0,0,0,0
0,0,3,0,0,3,0,0,0,0
1,0,0,0,0,0,0,0,0,0
0,0,0,0,0,0,0,0,0,0
0,0,0,0,0,12,0,0,0,0
0,0,0,0,0,0,0,0,0,0
0,0,0,0,0,0,0,0,0,0
0,0,0,0,0,0,0,0,0,0
0,0,0,0,0,0,0,0,0,0
0,0,0,0,0,0,0,0,0,0
0,0,0,0,0,0,0,0,0,0
0,0,0,0,0,0,0,0,0,0
0,0,1,0,1,0,0,0,0,0
0,0,0,0,0,1,0,0,0,1
0,0,0,0,0,0,0,0,0,0
3,0,0,0,0,0,0,0,0,0
0,0,0,0,0,0,0,0,0,0
0,0,0,0,0,0,0,0,0,0
0,0,0,0,0,0,0,0,0,0
1,1,0,0,0,1,0,1,0,1
0,0,0,0,0,0,0,0,0,0
0,0,0,0,0,0,0,0,0,0
0,0,2,2,2,0,2,0,0,0
0,0,0,0,0,23,0,0,0,0
0,0,0,0,0,0,0,0,0,0
8,0,8,8,0,0,0,0,8,0
0,0,0,0,0,0,0,0,0,0
0,0,0,0,0,0,0,0,0,0
0,0,0,0,0,0,0,0,0,0
0,0,0,0,0,0,0,0,0,0
0,0,0,0,0,13,0,0,0,13
41,41,0,0,0,41,0,0,0,41
0,0,0,0,0,4,0,0,0,0
0,0,0,0,0,0,0,0,0,0
0,0,0,0,0,0,0,0,0,0
0,0,1,0,0,0,0,0,0,0
0,0,0,0,0,0,0,0,0,0
0,0,0,0,0,27,0,0,0,0
0,0,0,0,0,0,2,0,0,0
0,0,0,0,0,0,0,0,0,0
0,0,0,0,0,0,0,0,0,0
0,0,0,0,0,0,0,0,0,0
0,0,0,0,0,0,0,0,0,0
0,0,1,1,1,0,0,0,0,0
0,0,0,0,0,0,0,0,0,0
0,0,0,0,0,2,0,0,0,2
0,0,0,0,0,0,0,0,0,0
0,0,0,0,0,1,0,0,0,1
0,0,1,1,1,0,0,0,1,0
0,0,1,1,0,0,1,1,1,0
0,0,0,0,0,0,0,0,0,0
0,0,0,0,0,0,0,0,0,0
0,0,0,0,0,0,0,0,0,0
0,0,0,0,0,6,0,0,0,6
0,0,0,0,0,0,0,0,0,0
0,0,0,0,0,0,0,0,0,0
0,0,0,0,0,0,0,0,0,0
0,0,0,0,0,3,0,0,0,0
0,0,0,0,0,0,0,0,0,0
0,0,0,0,0,0,0,0,0,0
0,0,0,0,0,0,0,0,0,0
0,0,0,0,0,0,0,0,0,0
0,0,0,0,0,0,0,0,0,0
0,0,0,0,0,0,0,0,0,0
0,0,0,0,0,0,0,0,0,0
2,2,0,2,0,2,0,0,0,0
0,0,0,0,0,0,0,0,0,0
0,0,0,0,0,0,0,0,0,0
0,0,0,0,0,1,0,0,0,1
0,0,0,0,0,1,0,0,0,0
5,5,0,0,0,5,0,5,0,0
0,0,3,0,0,0,0,0,0,0
0,0,0,0,0,4,0,0,0,4
0,0,1,0,1,0,0,0,0,0
0,0,0,0,0,3,0,0,0,0
0,0,0,0,0,0,0,0,0,0
0,0,0,0,0,0,0,0,0,0
0,0,1,1,0,0,0,0,0,0
0,0,0,0,0,9,0,0,0,0
3,3,0,0,0,3,0,3,0,3
0,0,0,0,0,0,0,0,0,0
0,0,0,0,0,1,0,0,0,1
0,0,0,0,0,0,0,0,0,0
0,0,0,0,0,0,0,0,0,0
30,30,0,0,0,30,30,30,0,30
0,0,0,0,0,0,0,0,0,0
0,0,0,0,0,18,0,0,0,0
0,0,0,0,0,0,0,0,0,0
0,0,2,0,2,0,2,2,2,0
0,0,9,9,0,0,0,0,9,0
0,0,0,0,0,0,0,0,0,0
0,0,0,0,0,0,0,0,0,0
0,0,0,0,0,0,0,0,0,0
0,0,2,0,0,0,0,0,0,0
7,0,0,0,0,0,0,0,0,0
0,0,0,0,0,0,0,0,0,0
25,0,25,25,25,0,25,25,25,0
0,0,0,0,0,0,0,0,0,0
0,0,1,1,0,0,0,0,1,0
0,0,0,0,0,0,0,0,0,0
0,0,0,0,0,0,0,0,0,0
0,0,0,0,0,0,0,0,0,0
0,0,0,0,0,1,0,0,0,1
0,0,0,0,0,0,0,0,0,0
0,0,1,1,0,0,1,0,0,0
0,0,0,0,0,0,0,0,0,0
0,0,0,0,0,0,0,0,0,0
0,0,1,0,0,0,0,0,0,0
0,0,0,0,0,0,0,0,0,0
0,0,0,0,0,0,0,0,0,0
1,1,0,0,0,1,0,0,0,1
0,0,0,0,0,2,0,0,0,2
4,0,0,0,0,4,0,0,0,0
0,0,0,0,0,49,0,0,0,49
0,0,1,0,0,0,0,0,0,0
0,0,0,0,0,0,0,0,0,0
1,0,0,0,0,0,0,1,0,0
0,0,0,0,0,0,0,0,0,0
0,0,0,0,0,0,0,0,0,0
0,0,0,7,0,0,0,0,0,0
0,0,0,0,0,0,0,0,0,0
0,0,0,0,0,0,0,2,0,0
0,0,0,0,0,0,0,0,0,0
0,0,0,0,0,0,0,0,0,0
0,0,0,0,0,0,0,0,0,0
0,0,0,0,0,0,0,0,0,0
0,0,0,0,0,0,0,0,0,0
1,0,0,0,0,0,0,0,0,0
0,0,1,0,0,0,0,0,0,0
1,0,0,0,0,0,0,0,0,1
0,0,0,0,0,0,0,0,0,0
0,0,0,0,0,0,0,0,0,0
0,0,2,0,0,0,0,0,2,0
0,0,1,0,0,0,0,0,0,0
0,0,0,0,0,0,0,0,0,0
0,0,0,0,0,0,0,0,0,0
6,6,0,0,0,6,0,6,0,6
0,0,0,0,0,0,3,3,3,0
0,0,0,0,0,0,0,0,0,0
0,0,0,0,0,5,0,0,0,0
0,1,0,0,0,1,0,1,0,0
0,0,0,0,6,0,0,0,0,0
0,0,0,0,0,0,0,0,0,0
0,0,0,0,0,0,0,0,0,0
0,0,1,0,0,0,1,0,1,0
0,0,0,0,0,2,0,0,0,0
6,6,0,0,0,6,0,0,0,6
0,0,1,0,0,0,0,0,0,0
0,0,0,0,0,0,0,0,0,0
0,0,0,0,0,0,0,0,0,0
0,0,1,0,0,0,0,0,0,0
0,0,0,0,0,0,0,0,0,0
0,4,0,0,0,0,0,0,0,0
0,0,1,1,0,0,1,0,1,0
0,0,1,1,1,0,1,0,1,0
0,0,0,0,0,0,0,0,0,0
0,0,0,0,0,4,0,0,0,0
0,0,0,0,0,0,0,0,0,0
0,0,0,0,1,0,0,0,0,0
0,0,0,0,0,0,0,0,0,0
0,0,0,0,0,0,0,0,0,0
10,10,0,0,0,10,0,0,0,10
0,0,0,0,0,0,0,0,0,0
0,0,0,0,0,1,0,0,0,1
0,0,0,0,0,1,0,0,0,0
0,0,0,0,0,0,0,0,0,0
0,0,0,0,0,0,0,0,0,0
0,0,0,0,0,0,0,0,0,2
0,0,0,0,0,1,0,0,0,0
0,0,0,0,0,0,0,0,0,0
0,0,0,0,0,2,0,0,0,2
0,0,0,0,0,0,0,0,0,0
0,0,0,0,0,1,0,0,0,0
0,0,2,0,0,0,0,0,0,0
0,0,0,0,0,2,0,0,0,0
0,0,0,0,0,0,0,0,0,0
0,0,0,0,0,0,0,0,0,0
0,0,3,0,0,0,0,0,0,0
0,0,0,0,0,0,0,0,0,0
0,0,0,0,0,3,0,0,0,3
0,0,0,0,0,8,0,0,0,8
0,0,0,0,0,0,0,0,0,0
2,2,0,0,0,2,0,0,0,2
0,0,0,0,0,0,0,0,0,0
0,0,0,0,0,0,0,0,0,0
0,0,0,0,0,0,0,0,0,0
0,0,0,0,0,0,0,0,0,0
0,0,6,6,0,0,6,0,6,0
0,0,0,0,0,0,0,0,0,0
0,0,0,0,0,0,0,0,0,0
0,0,0,0,0,1,0,0,0,0
25,25,0,0,0,25,0,25,0,0
0,0,0,0,0,0,0,0,0,0
0,0,0,0,0,0,0,0,0,0
0,0,5,0,0,0,5,0,0,0
0,0,0,0,0,0,0,0,0,0
0,0,0,0,0,0,0,0,0,0
0,0,0,0,0,0,0,0,0,0
0,0,0,0,0,0,0,0,0,0
0,0,0,0,0,0,0,0,0,0
0,0,18,18,0,0,18,0,18,0
0,84,0,0,0,84,0,0,0,84
0,0,0,0,0,0,0,0,0,0
0,0,0,0,0,0,0,0,0,0
0,0,0,0,0,0,0,0,0,0
0,0,9,9,0,0,0,0,0,0
0,0,0,0,0,0,0,0,0,0
5,0,0,0,0,5,0,0,0,5
0,0,0,0,0,0,0,0,0,0
0,0,0,0,0,0,0,0,0,0
0,0,0,0,0,0,0,0,0,0
0,0,0,0,0,0,0,0,0,0
0,0,0,0,0,0,0,0,0,0
0,0,0,0,0,0,0,0,0,0
0,0,0,0,0,0,0,0,0,0
0,0,0,0,0,0,0,0,0,1
0,0,0,0,0,0,0,0,0,0
0,0,0,0,0,0,0,0,0,1
0,0,0,0,0,0,0,0,0,0
0,0,1,0,1,0,0,0,0,0
0,0,0,0,0,0,0,0,0,0
2,2,0,0,0,2,0,0,0,0
1,0,1,1,1,0,1,0,1,0
0,0,2,2,0,0,0,0,0,0
0,0,0,0,0,1,0,0,0,1
0,0,0,0,0,1,0,0,0,0
0,0,0,0,0,0,0,0,0,0
0,0,2,2,0,2,0,0,0,0
0,0,0,0,0,0,0,0,0,0
0,0,0,0,0,0,0,0,0,0
0,0,0,0,0,0,0,0,0,0
7,0,0,0,0,7,0,0,0,0
0,0,0,0,0,0,0,0,0,0
0,0,0,0,0,0,0,0,0,0
0,0,1,0,0,0,0,0,0,1
1,0,0,0,0,0,0,0,0,0
0,0,0,0,0,0,0,0,0,0
0,0,0,0,0,0,0,0,0,0
0,0,0,0,0,0,0,0,0,0
0,0,0,0,0,1,0,0,0,0
0,0,0,0,0,0,0,0,0,0
0,0,0,0,0,0,0,0,0,0
0,0,0,0,0,0,0,0,0,0
0,0,0,0,0,1,0,0,0,1
0,0,0,1,0,0,0,0,0,0
0,0,0,0,0,0,0,0,0,0
0,0,0,0,0,0,0,0,0,0
0,0,1,1,1,0,1,0,1,0
0,0,0,0,0,0,0,0,0,0
0,0,0,0,0,0,0,0,0,0
0,0,0,0,0,0,0,0,0,0
0,0,0,0,0,8,0,0,0,0
13,13,0,0,0,13,0,0,0,0
0,0,0,0,0,7,0,0,0,0
1,1,0,0,0,1,0,0,0,1
0,0,1,0,0,0,1,0,0,0
3,3,0,0,0,3,0,0,0,3
0,0,0,0,0,0,0,0,0,0
0,0,5,0,0,0,5,0,0,0
0,0,0,0,0,0,0,0,0,0
0,0,8,0,0,0,0,0,0,0
0,0,0,0,0,0,0,0,0,0
0,0,1,0,1,0,0,0,0,0
0,0,2,2,0,0,0,0,0,2
0,1,0,1,0,1,0,0,0,1
0,0,0,0,0,0,0,0,0,0
0,0,0,0,0,0,0,0,0,0
0,0,0,0,0,22,0,0,0,0
0,0,0,0,0,0,0,0,0,0
0,0,0,0,0,8,0,0,0,0
0,0,18,0,18,0,0,0,0,0
2,2,0,0,0,2,0,0,0,0
0,0,0,0,0,0,0,0,0,0
0,0,0,0,0,0,0,0,0,0
0,0,0,0,0,0,0,0,0,0
0,0,0,0,0,7,0,0,0,7
0,0,0,0,0,0,0,0,0,0
0,0,0,0,0,2,0,0,0,2
0,0,0,0,0,3,0,0,0,0
0,0,0,0,0,0,0,0,0,0
0,0,0,0,0,0,0,0,0,0
0,0,0,0,0,0,0,0,0,1
0,0,0,0,0,0,0,0,0,7
4,4,0,0,0,4,0,4,0,4
0,0,0,0,0,0,0,0,0,0
0,0,0,0,0,0,0,0,0,4
0,0,4,0,0,0,0,0,0,0
0,0,1,0,1,0,1,0,0,0
0,0,0,0,0,0,0,0,0,0
0,0,0,0,0,0,0,0,0,0
10,0,0,0,0,10,10,0,0,10
0,0,0,0,0,0,0,0,0,0
0,0,0,0,0,0,0,0,0,0
0,0,0,0,0,0,0,0,0,0
0,0,0,0,0,0,0,0,0,0
0,0,0,0,0,0,0,0,0,0
0,0,0,0,0,1,0,0,0,0
2,0,2,0,0,0,0,2,0,0
0,0,5,5,5,0,0,0,0,0
0,0,0,0,0,0,0,0,0,0
0,0,0,0,0,0,0,0,0,0
0,0,0,0,0,1,0,0,0,0
0,0,0,0,0,0,0,0,0,0
0,0,0,0,0,0,0,0,0,0
0,0,0,0,0,0,0,0,0,0
0,0,0,0,7,0,0,0,0,7
0,0,0,0,0,0,0,0,0,0
0,0,0,0,0,0,0,0,0,0
0,0,0,0,0,0,0,0,0,0
0,0,0,0,0,0,0,0,0,0
0,0,0,0,0,0,0,0,0,0
0,0,0,0,0,0,0,0,0,0
0,0,0,0,0,0,5,5,0,0
0,0,0,0,0,0,0,0,0,0
0,0,0,0,0,10,0,0,0,0
0,0,0,0,0,0,0,0,0,0
0,0,0,0,0,15,0,0,0,0
0,0,0,0,0,0,0,0,0,0
0,0,1,1,0,0,0,0,0,0
9,0,9,0,0,0,0,0,0,9
0,0,0,0,0,0,0,0,0,0
0,0,0,0,0,0,0,0,0,0
0,0,0,0,0,0,0,0,0,0
0,0,0,0,0,0,0,0,0,0
0,0,0,0,0,1,0,0,0,0
0,0,0,0,0,0,0,0,0,0
27,27,0,0,0,27,0,0,27,27
0,0,0,0,0,0,0,0,0,0
0,0,0,0,0,0,0,0,0,2
0,0,1,0,0,0,1,0,1,0
0,0,0,0,0,0,0,0,0,0
0,0,17,0,0,0,0,0,0,0
0,0,0,0,0,0,0,0,0,0
0,0,0,0,0,1,0,0,0,0
0,0,0,0,0,1,0,0,0,0
0,0,0,0,0,0,0,0,0,0
3,0,3,0,0,0,0,0,3,0
0,0,4,0,0,0,0,0,0,0
0,0,0,0,0,0,0,0,0,0
0,0,0,0,0,0,0,0,0,0
0,0,0,1,0,0,0,0,1,0
0,0,0,0,0,12,0,0,0,12
0,1,0,0,0,1,0,0,0,1
0,0,0,0,0,0,0,0,0,0
0,0,3,0,3,0,0,0,0,0
0,0,0,0,0,0,0,0,0,0
0,0,0,0,0,0,0,0,0,0
0,0,0,0,0,0,0,0,0,0
0,0,0,0,0,0,0,0,0,0
0,0,1,0,0,0,1,0,0,0
0,0,0,0,0,0,0,0,0,0
1,0,1,0,0,0,1,0,1,0
0,0,0,0,0,0,0,0,0,0
0,0,2,0,0,0,0,0,0,0
0,0,0,0,0,0,0,0,0,0
0,0,0,0,0,0,0,0,0,0
0,0,0,0,0,0,0,0,0,0
0,5,0,0,0,5,0,5,0,5
0,0,1,0,0,0,0,0,0,0
5,5,0,0,0,5,0,0,0,5
0,0,0,0,0,0,0,0,0,0
0,0,0,0,0,0,0,0,0,1
0,0,0,0,0,0,0,0,0,0
0,0,0,0,0,0,0,0,0,0
0,0,0,0,0,0,0,0,0,0
0,0,0,0,0,0,0,0,0,0
0,0,12,12,0,0,0,0,12,0
0,0,0,0,0,0,0,0,0,0
0,0,1,1,1,0,1,1,1,0
0,0,1,1,0,0,0,0,0,0
0,0,5,5,5,0,0,0,0,0
0,0,0,0,0,0,0,0,0,0
0,0,0,0,0,0,0,0,0,0
0,0,0,0,0,0,0,0,0,0
0,0,0,0,0,0,0,0,0,0
0,0,12,12,0,0,0,0,0,0
0,0,5,5,5,0,5,0,5,0
0,0,0,0,0,0,0,0,0,0
0,0,0,0,0,0,0,0,0,0
0,0,0,0,0,0,0,0,0,0
0,0,0,0,0,0,0,0,0,0
0,1,0,0,0,1,0,1,0,1
0,0,0,0,0,0,0,4,0,0
0,0,0,0,0,0,0,0,0,0
1,0,0,0,0,1,0,0,0,1
13,13,13,0,13,13,13,13,0,13
0,0,0,0,0,0,0,0,0,0
0,0,0,0,0,15,0,0,0,0
0,0,1,0,0,0,0,0,1,0
0,0,0,0,0,0,0,0,0,1
0,0,0,0,0,0,0,0,0,0
0,0,0,0,0,0,0,0,3,0
0,0,0,0,0,0,0,0,0,0
0,0,0,0,0,0,0,0,0,0
0,0,15,15,0,0,15,0,0,0
0,0,29,0,0,0,0,0,0,0
0,0,0,0,0,0,0,0,0,0
0,0,0,0,0,0,0,0,0,0
1,0,0,0,0,0,0,0,0,0
0,0,0,0,0,0,0,0,0,0
0,0,1,0,0,0,0,0,0,0
0,0,0,0,0,0,0,0,0,0
0,0,0,0,0,0,0,0,0,0
0,0,0,0,0,0,0,0,0,0
0,0,0,0,0,0,0,0,0,0
0,0,0,0,0,0,0,0,0,0
0,0,0,0,0,0,0,0,0,0
0,0,0,0,0,0,0,0,0,0
0,0,0,0,0,0,0,0,0,0
0,0,0,0,0,0,0,0,0,0
0,0,3,0,3,0,3,0,3,0
0,0,0,0,0,0,0,0,0,0
0,0,0,0,0,0,0,0,0,0
0,0,1,0,0,0,0,0,0,0
0,0,5,5,0,0,5,0,0,0
0,0,1,1,0,0,1,0,1,0
6,0,0,0,0,0,0,0,0,0
4,4,0,0,0,4,0,4,0,4
0,0,0,0,0,0,0,0,0,0
0,0,0,0,0,0,0,0,0,0
0,0,0,0,0,0,0,0,0,0
0,0,0,0,0,0,0,0,0,0
0,0,0,0,0,1,0,0,0,0
1,0,1,0,0,0,0,0,1,0
0,0,0,0,0,0,0,0,0,0
9,0,0,0,0,9,0,0,0,0
0,0,0,0,0,10,0,0,0,0
0,0,0,0,0,0,0,0,0,0
0,0,0,0,0,0,0,0,0,0
0,0,0,0,0,32,0,0,0,0
0,0,1,0,0,0,0,0,0,0
0,0,0,0,0,0,0,0,0,1
0,0,53,53,53,0,0,0,53,0
0,0,0,0,0,7,0,0,0,0
0,0,0,0,0,0,0,0,0,0
0,0,0,0,0,2,0,0,0,0
0,0,1,1,0,0,1,0,1,0
0,0,0,0,0,0,0,0,0,0
0,0,5,5,0,0,0,0,5,0
0,0,0,0,0,0,0,0,0,0
0,0,0,0,0,0,0,0,0,0
0,0,0,0,0,0,0,0,0,0
0,0,0,0,0,0,0,0,0,0
0,0,0,0,0,0,0,0,0,0
0,0,0,0,0,14,0,0,0,0
0,0,0,0,0,0,0,0,0,0
0,35,0,0,0,35,0,35,0,35
0,0,0,0,0,0,0,0,0,0
0,0,0,1,0,1,1,0,0,0
0,0,0,0,0,0,0,0,0,0
0,0,0,0,0,0,0,0,0,8
0,0,1,0,0,0,0,0,0,0
0,0,0,0,0,0,0,0,0,0
0,0,0,0,0,11,0,0,0,0
0,0,0,0,0,0,0,0,0,0
0,0,0,0,0,0,0,0,0,0
1,0,1,1,0,0,0,0,1,0
0,0,0,0,0,0,0,0,0,3
0,0,0,0,0,0,0,0,0,0
0,0,0,0,0,0,0,3,0,0
0,0,0,0,0,0,0,0,0,2
0,0,1,1,0,0,0,0,0,0
0,0,0,0,0,0,0,0,0,0
0,0,1,0,0,1,1,0,1,0
0,0,1,0,1,0,1,0,0,0
3,0,0,0,0,0,0,0,0,0
0,0,0,0,0,0,0,0,0,0
1,0,0,0,0,0,0,0,0,0
0,0,0,0,0,0,0,0,0,0
0,0,0,0,0,0,0,0,0,0
3,3,0,3,0,3,0,3,3,0
0,0,0,0,0,0,0,0,0,0
57,57,0,0,57,57,0,57,0,57
22,22,22,22,0,22,22,22,0,22
0,0,0,0,0,0,0,0,0,0
0,0,1,1,1,0,0,0,0,0
0,0,0,0,0,0,0,0,0,0
0,3,0,0,0,3,0,0,0,0
2,0,0,0,0,0,0,2,2,0
0,0,0,0,1,0,0,0,0,0
0,1,0,0,0,1,0,0,0,0
0,0,0,0,0,1,0,0,0,0
0,0,1,0,1,0,0,0,0,0
0,0,0,0,0,0,0,0,0,0
0,0,1,1,0,0,0,0,0,0
0,5,0,0,0,5,0,0,0,0
0,0,0,0,0,0,0,0,0,0
0,0,1,0,0,0,0,0,0,0
0,0,0,0,0,0,0,0,0,0
1,0,0,0,0,0,0,1,0,0
0,0,0,0,0,1,0,0,0,0
0,0,5,0,0,0,0,0,0,0
0,0,0,0,0,1,0,0,0,0
0,0,0,0,0,0,0,0,0,0
0,0,5,5,0,0,0,0,5,0
0,0,0,0,0,0,0,0,0,0
0,0,0,0,0,0,0,0,1,0
0,0,0,0,0,0,0,0,0,0
0,0,0,0,0,3,0,0,0,0
237,237,0,0,0,237,0,0,0,0
0,0,1,0,0,1,0,0,0,0
0,0,0,0,0,0,0,0,0,0
0,0,0,0,0,0,0,0,0,0
0,0,0,0,0,3,0,0,0,0
0,0,0,0,0,0,0,0,0,0
0,0,0,0,0,0,0,0,0,0
0,0,0,0,0,0,0,0,0,0
0,0,0,0,0,3,0,0,0,0
0,0,0,0,0,0,0,0,0,0
0,0,0,0,0,0,0,0,0,0
0,0,0,0,0,0,0,0,0,0
0,0,0,0,0,99,0,0,0,0
0,0,0,0,0,0,0,0,0,0
0,0,0,0,0,0,0,0,0,0
0,36,0,0,0,36,0,0,0,0
0,0,0,0,0,0,0,0,0,0
0,0,6,0,0,0,0,0,0,0
0,0,0,0,0,1,0,0,0,0
0,0,4,0,0,0,0,0,0,0
0,0,0,0,0,0,0,0,0,0
0,0,2,2,0,0,2,0,2,0
0,0,0,0,0,0,0,0,0,0
0,0,4,4,4,0,4,0,0,0
0,0,0,0,0,0,0,0,0,0
0,0,2,0,0,0,0,0,0,0
0,0,0,0,0,0,0,0,0,0
0,0,0,0,0,0,0,0,0,0
0,0,4,0,0,0,0,0,0,0
0,0,0,0,0,9,0,0,0,0
0,0,0,0,0,12,0,0,0,0
0,0,0,0,0,0,0,0,0,0
0,0,0,0,0,0,0,0,0,0
0,0,0,0,0,0,0,0,0,0
0,0,0,0,0,0,0,0,0,0
0,0,0,0,0,0,0,0,0,0
0,0,0,0,0,0,0,0,0,0
0,0,0,0,0,1,0,0,0,0
0,1,0,0,0,1,0,0,0,0
0,0,0,0,0,0,0,0,0,0
0,0,1,0,0,0,0,0,0,0
0,0,0,0,0,0,0,0,0,0
0,0,0,0,0,5,0,0,0,0
0,0,0,0,0,0,0,0,0,0
0,0,0,0,0,0,0,0,0,0
0,0,0,0,0,0,0,0,0,0
0,0,1,0,0,0,0,0,0,0
0,0,0,0,0,0,0,0,0,0
0,0,0,0,0,0,0,0,0,0
0,0,3,0,3,0,0,0,3,0
0,0,0,0,0,0,0,0,0,0
0,0,0,0,0,0,0,0,0,0
0,0,0,0,0,0,0,0,0,0
0,0,0,0,0,0,0,0,0,0
0,0,0,0,0,0,0,0,0,0
0,0,1,1,1,0,1,0,0,0
0,0,0,0,0,0,0,0,0,26
0,0,6,0,0,0,6,6,6,0
0,0,2,0,2,0,2,0,2,0
0,0,0,0,0,0,0,0,0,0
0,0,1,0,0,0,0,0,0,0
0,0,0,0,0,0,0,0,0,0
0,0,0,0,0,0,0,0,0,0
4,0,0,0,0,4,0,0,0,0
0,0,0,0,0,1,0,0,0,0
0,3,0,0,0,3,0,0,0,3
0,0,0,0,0,0,0,0,0,0
0,0,4,0,0,0,0,0,0,0
0,0,0,0,0,0,0,0,0,0
0,0,1,0,0,0,0,0,1,0
0,0,0,0,0,9,0,0,0,9
0,0,0,0,0,0,0,0,3,0
0,0,0,0,0,0,0,0,0,0
0,0,0,0,0,0,0,0,0,0
0,0,0,0,0,0,0,0,0,0
1,0,1,0,0,0,0,0,1,0
0,0,0,0,0,2,0,0,0,2
0,0,0,0,0,0,0,0,0,0
0,0,0,0,0,0,0,0,0,0
0,0,0,0,0,0,0,0,0,0
2,2,0,0,0,2,0,2,2,0
0,0,0,0,0,0,0,0,0,0
0,0,2,0,0,0,0,0,0,0
0,0,0,0,0,0,0,0,0,0
0,0,0,0,0,0,0,0,0,1
0,1,0,0,0,1,0,0,0,1
0,0,0,0,0,0,0,0,0,0
0,0,0,0,0,0,0,0,0,3
0,0,9,9,0,0,0,0,9,0
0,0,0,0,0,0,0,0,0,0
0,0,0,0,0,0,0,0,0,0
0,0,0,0,0,1,0,0,0,0
0,0,0,0,0,0,0,0,0,4
0,0,0,0,0,19,0,0,0,19
0,0,0,0,0,0,0,0,0,0
0,0,8,8,8,0,8,0,8,0
0,2,0,0,0,2,0,0,0,0
0,0,5,0,0,0,0,0,0,0
0,0,0,0,0,0,0,0,0,0
0,0,0,0,0,0,0,0,0,0
0,0,0,0,0,0,0,0,0,0
0,0,1,0,0,0,0,0,0,0
3,3,0,0,0,3,0,3,0,0
1,1,0,0,0,1,0,1,1,1
0,0,0,0,0,0,0,0,0,0
0,0,0,0,0,0,0,0,0,0
0,0,0,0,0,0,0,0,0,0
0,0,0,0,0,0,0,0,0,0
0,0,24,24,0,0,0,0,0,0
0,0,1,1,0,0,0,0,1,0
1,0,0,0,0,1,0,0,0,0
0,0,1,0,0,0,1,0,0,0
0,0,0,0,0,0,0,0,0,0
0,0,2,2,0,0,0,0,0,0
0,0,0,0,0,0,0,3,0,0
0,0,0,0,0,0,0,0,0,0
258,258,0,0,0,258,0,258,0,258
0,0,0,0,0,0,0,0,0,0
0,0,1,0,0,0,1,0,1,0
0,32,0,0,0,32,0,0,0,32
0,0,1,0,0,0,1,0,0,0
0,0,0,0,0,0,0,0,0,0
0,0,0,0,0,1,0,0,0,0
0,0,0,0,2,0,0,0,0,0
0,0,0,0,0,0,0,0,0,0
0,0,0,0,0,0,0,0,0,0
1,0,0,0,0,1,0,0,1,0
0,0,0,0,0,0,0,0,0,0
1,0,0,0,0,0,0,0,0,1
1,0,0,0,0,0,0,1,0,0
0,0,0,0,0,0,0,0,0,0
0,0,0,0,0,0,0,0,0,0
0,0,0,0,0,0,0,0,0,0
0,0,0,0,0,5,0,0,0,5
2,2,0,0,0,2,0,0,0,2
0,0,0,0,0,0,0,0,0,0
0,0,0,0,0,0,0,0,0,0
0,0,11,11,0,0,11,0,11,0
0,63,0,0,0,63,0,0,0,63
0,0,0,0,0,0,0,0,0,0
1,1,0,0,0,1,0,1,1,1
0,1,0,0,0,1,0,0,0,0
0,0,0,0,0,0,0,0,0,0
0,0,0,0,0,5,0,0,0,0
0,0,1,0,0,0,0,0,1,0
0,0,0,0,0,0,0,0,0,0
4,4,4,4,4,4,0,4,4,4
0,0,2,0,0,0,0,0,0,0
0,0,0,0,0,0,0,0,0,0
0,0,0,0,0,0,0,0,0,0
0,0,0,0,0,0,0,0,0,0
0,0,0,0,0,0,0,0,0,0
0,0,0,0,0,3,0,0,0,3
0,3,0,0,0,3,0,0,0,3
0,0,1,0,1,0,1,0,0,0
0,0,0,0,0,0,0,0,0,0
0,0,1,1,0,0,1,0,1,0
2,0,0,0,0,2,0,2,0,2
0,0,0,0,0,0,0,0,0,0
0,0,0,0,0,0,0,0,0,0
0,0,0,0,0,0,0,0,0,0
0,0,0,0,0,0,0,0,2,2
0,0,0,0,0,0,0,0,0,0
0,0,0,0,0,0,0,0,0,0
0,0,1,1,0,0,0,0,0,1
0,0,0,0,0,0,0,0,0,0
0,0,0,0,0,0,0,0,0,0
0,0,0,0,0,0,0,0,0,0
0,0,1,0,0,0,0,0,0,0
0,0,0,0,0,0,0,0,0,0
0,0,0,0,0,0,0,0,0,0
0,0,0,0,0,0,0,0,0,0
1,0,0,0,0,1,0,0,0,0
0,0,0,0,0,0,0,0,0,0
0,0,1,0,1,0,0,0,0,0
0,0,0,0,0,0,0,0,0,0
0,0,4,0,4,4,0,0,0,4
0,0,0,0,0,0,0,0,0,0
0,0,0,0,0,0,0,0,0,0
0,0,0,0,0,0,0,0,0,0
0,0,0,0,0,0,0,0,0,0
0,0,0,0,0,0,0,0,0,0
0,0,0,0,0,0,0,0,0,0
0,0,2,2,2,2,0,0,0,0
0,0,14,0,0,0,0,0,0,0
0,0,0,0,0,0,0,1,0,0
1,0,0,0,0,0,0,0,0,0
0,0,0,0,0,0,0,0,0,0
0,0,2,0,2,0,2,0,0,0
0,0,0,0,0,0,0,0,1,0
0,0,0,0,0,0,0,0,0,0
0,0,0,0,0,0,0,0,0,0
0,0,0,0,1,0,0,0,0,0
0,0,0,0,0,0,0,0,0,0
0,0,0,0,0,0,0,0,0,0
1,1,0,0,0,1,0,1,0,1
0,0,0,0,0,5,0,0,0,0
0,0,0,0,0,17,0,0,0,0
0,0,0,0,0,0,0,0,0,0
0,0,0,0,0,6,0,0,0,0
0,0,0,0,0,0,0,0,0,0
0,0,0,0,0,0,0,0,0,0
0,0,0,0,0,0,0,0,0,0
0,15,0,0,0,15,0,15,0,15
0,0,0,0,0,0,0,0,0,0
0,0,0,0,0,0,0,0,0,0
0,1,0,0,0,1,0,1,0,1
0,0,0,0,0,0,0,0,0,0
0,0,0,0,0,5,0,0,0,0
0,0,0,0,0,0,0,0,0,0
0,0,0,0,0,0,0,0,0,0
16,0,0,0,0,16,0,0,0,0
0,0,14,14,14,0,14,0,14,0
0,0,1,1,0,0,0,0,0,0
0,1,0,0,0,1,0,0,0,1
0,0,0,3,0,0,0,0,0,0
0,0,1,0,0,0,0,0,0,0
0,0,7,0,0,0,7,0,7,0
0,0,0,0,0,0,0,0,0,0
0,0,0,0,0,0,0,0,0,0
0,0,0,0,0,0,0,0,0,0
0,0,0,0,0,0,0,0,0,0
0,0,0,0,0,11,0,0,0,0
0,0,0,0,0,0,0,0,0,0
0,0,0,0,0,0,0,0,0,0
0,0,0,0,0,0,0,0,0,0
0,0,0,0,0,0,0,0,0,0
0,0,1,0,0,0,0,0,0,0
7,0,7,7,0,7,7,7,7,0
0,0,0,0,0,0,0,0,0,0
0,0,0,0,0,0,0,0,0,0
0,0,0,0,0,0,0,0,0,0
0,0,0,0,0,0,0,0,0,0
0,0,0,0,0,0,0,0,0,0
0,0,0,0,0,1,0,0,0,0
0,0,0,1,0,0,0,0,1,0
0,0,0,0,0,0,0,23,0,0
0,0,0,0,0,1,0,0,0,1
0,0,0,0,0,0,0,0,0,0
0,0,0,0,0,0,0,0,0,0
0,0,0,0,0,0,0,0,0,6
0,0,0,0,0,0,0,0,0,0
0,0,4,0,4,0,4,0,4,0
1,0,1,0,0,1,0,0,0,0
0,0,0,0,0,1,0,0,0,0
1,0,1,1,1,0,1,0,1,0
0,0,0,0,0,0,0,0,0,0
0,0,0,0,0,15,0,0,0,0
0,15,0,0,0,15,0,15,0,15
0,0,0,0,0,0,0,0,0,0
0,0,6,0,0,0,6,0,0,0
0,0,0,0,0,0,0,0,0,0
0,0,0,0,0,0,0,0,0,1
0,0,0,0,0,0,0,0,0,0
0,0,0,0,0,0,0,0,0,0
29,0,0,0,0,29,0,0,0,0
0,0,0,0,0,0,0,0,0,0
0,0,0,0,0,1,0,0,0,0
3,3,0,0,0,3,0,3,0,3
0,0,0,0,0,0,0,0,0,0
2,2,0,0,0,2,0,2,0,2
0,0,0,0,0,1,0,0,0,1
0,0,0,0,0,0,0,0,0,0
0,0,0,0,0,0,0,0,0,0
0,0,0,0,0,0,0,0,0,0
0,0,0,0,0,0,0,0,0,0
0,3,0,0,0,3,0,0,0,3
0,0,0,0,0,0,0,0,0,0
0,0,0,0,0,0,0,0,0,0
0,0,0,0,0,0,0,0,0,1
0,0,0,0,0,0,0,0,0,0
0,0,0,0,0,0,0,0,2,0
0,0,0,0,0,0,0,0,0,1
0,0,0,0,0,1,0,0,0,0
0,0,0,0,0,0,0,0,0,1
0,0,0,0,0,18,0,0,0,0
0,26,0,0,0,26,0,0,0,26
0,0,22,0,22,0,0,0,0,0
0,0,0,0,0,0,0,0,0,0
0,0,0,0,0,0,0,0,0,0
0,0,0,0,0,0,0,0,0,0
7,7,0,0,0,7,7,7,7,0
2,2,0,0,0,2,0,0,0,2
0,0,0,0,0,1,0,0,0,0
3,3,0,0,0,3,0,0,0,3
0,0,1,0,0,0,0,1,1,0
0,0,0,0,0,0,0,0,0,0
0,0,0,0,0,0,0,0,0,0
0,1,1,0,0,1,0,0,0,0
0,0,0,0,0,4,0,0,0,0
4,0,4,0,0,0,4,0,0,0
0,0,0,0,0,0,0,0,0,0
0,0,0,0,0,0,0,1,0,0
0,0,0,0,0,0,0,0,0,0
0,0,1,0,1,0,0,0,0,0
0,0,0,0,0,0,0,0,0,0
0,0,0,0,0,0,0,0,0,0
0,0,1,1,0,0,0,0,0,0
0,0,0,0,0,0,0,0,0,0
0,0,0,0,0,0,0,0,0,0
0,0,0,0,0,5,0,0,0,0
0,0,0,0,0,0,0,0,0,0
0,0,7,7,7,0,7,0,0,0
1,0,1,1,0,0,0,0,1,0
0,0,0,0,0,0,0,0,0,0
0,0,0,0,0,0,0,0,0,0
0,0,0,9,0,0,0,0,0,0
0,2,0,0,0,2,0,0,0,2
0,0,0,0,0,0,0,0,0,0
0,0,0,0,0,0,0,0,0,0
0,0,0,0,0,11,0,0,0,0
0,0,0,0,0,0,0,0,0,0
0,0,0,0,0,0,0,0,0,0
0,0,0,0,0,0,0,0,0,0
0,0,0,0,0,0,0,0,0,0
0,0,0,0,0,0,0,0,0,0
0,0,0,0,0,0,0,0,0,0
0,0,0,0,0,2,0,0,0,2
0,0,0,0,0,0,0,0,0,0
0,0,0,0,0,0,0,0,0,0
6,0,6,0,0,6,0,6,0,0
0,0,0,0,0,0,0,0,0,0
0,0,0,0,0,0,0,0,0,0
0,0,0,0,0,0,1,0,1,0
0,0,2,0,0,0,0,0,0,0
0,0,4,0,0,0,0,0,0,0
0,0,0,0,0,0,0,0,0,0
17,0,0,0,0,0,0,0,0,0
0,0,0,0,0,0,0,0,0,0
0,0,0,0,0,0,0,0,0,0
0,0,0,0,0,0,0,0,0,0
0,0,0,0,0,0,0,0,0,0
5,5,0,0,0,5,0,0,0,5
0,0,0,0,0,0,0,0,0,0
2,2,0,0,0,2,0,0,0,2
0,0,0,0,0,0,0,0,0,0
0,0,0,0,0,0,0,0,0,0
0,0,0,0,0,2,0,0,0,0
19,0,0,0,0,0,0,0,0,0
1,1,0,0,0,1,0,1,0,1
0,0,0,0,0,0,0,0,0,25
0,0,0,0,0,0,0,0,0,0
0,0,0,0,0,2,0,0,0,0
0,0,0,0,0,0,0,0,0,0
0,0,0,0,0,4,0,0,0,0
0,0,1,0,0,0,0,0,0,0
0,20,0,0,0,20,0,0,0,20
0,0,0,2,0,0,0,0,0,0
0,0,0,0,0,0,0,0,0,0
0,0,1,0,1,0,1,0,1,0
0,0,0,0,0,3,0,0,0,0
0,0,2,2,2,0,2,2,2,0
0,0,3,0,3,0,3,0,0,0
0,0,0,0,0,0,0,0,0,0
0,0,0,0,0,0,0,0,0,0
0,0,0,0,0,0,0,0,0,0
0,0,0,0,0,1,0,0,0,0
0,0,0,0,0,0,0,0,0,0
0,0,0,0,0,6,0,0,0,0
0,0,1,0,0,0,1,0,1,0
0,0,0,0,0,0,0,0,0,0
0,0,2,0,0,0,0,0,0,0
0,0,0,0,0,0,0,0,0,0
0,0,0,0,0,0,0,0,0,0
0,0,0,0,0,1,0,0,0,0
0,0,0,0,0,0,0,0,0,0
0,0,0,0,0,0,0,0,0,0
0,0,1,1,0,0,0,0,0,0
1,1,0,0,0,1,0,0,0,0
0,0,0,0,0,0,0,0,0,0
0,0,0,0,0,0,0,0,6,0
0,0,0,0,0,0,0,0,0,0
0,0,1,0,0,0,1,0,0,0
0,0,0,0,0,2,0,0,0,2
1,0,1,0,0,0,0,0,1,0
0,0,6,6,0,0,0,0,6,0
0,0,0,0,0,7,0,0,0,0
0,0,1,0,1,0,0,0,0,0
0,0,2,2,2,0,2,0,0,0
1,0,1,0,0,0,0,1,0,0
0,0,0,0,0,0,0,0,0,0
38,38,0,0,0,38,0,0,0,38
0,0,0,0,0,1,0,0,0,0
0,0,0,0,0,0,0,0,0,0
0,0,0,0,0,0,0,0,0,0
0,0,0,0,0,0,0,0,0,0
0,0,18,0,0,0,18,0,0,0
0,0,0,0,0,1,0,0,0,0
0,0,2,2,2,0,0,0,2,0
0,0,0,0,0,0,0,0,0,0
2,2,0,0,0,2,0,2,0,0
0,0,0,0,0,0,0,0,0,0
0,0,0,0,0,11,0,0,0,0
0,0,0,0,0,7,0,0,0,0
0,0,1,0,0,0,1,0,1,0
0,0,0,0,0,0,0,0,0,0
0,0,1,0,1,0,0,0,0,0
0,0,0,0,0,0,0,0,0,0
0,0,0,0,0,0,0,0,0,0
0,0,0,0,0,3,0,0,0,0
0,0,0,0,0,0,0,0,0,0
0,0,1,1,1,0,1,0,0,0
0,0,0,0,0,0,0,0,0,0
0,0,0,0,1,0,1,0,1,0
0,0,1,0,1,0,1,0,1,0
0,0,0,0,0,0,0,0,0,0
0,0,0,0,0,3,0,0,0,0
0,0,0,0,0,0,0,0,0,1
0,0,0,0,0,0,0,0,0,0
0,1,0,0,0,1,0,0,0,1
0,0,0,0,0,0,0,0,0,0
0,0,0,0,0,0,0,0,0,0
0,0,0,0,0,0,0,0,0,0
0,0,0,0,0,0,0,0,0,0
0,0,0,0,0,0,0,0,0,0
1,0,1,0,0,0,0,0,0,0
0,0,0,0,0,0,0,0,0,0
0,0,0,0,0,0,0,0,0,0
0,0,0,0,0,0,0,0,0,0
0,0,0,0,0,0,0,0,0,0
0,0,3,0,0,0,3,0,3,0
0,0,0,0,0,0,0,0,0,0
0,0,1,1,1,0,1,0,0,0
0,0,0,0,0,0,0,0,0,0
0,2,0,0,0,2,0,0,2,2
0,0,0,0,0,0,0,0,0,0
0,0,1,0,0,0,0,0,0,0
34,34,0,0,0,34,0,0,0,34
0,0,0,0,0,0,0,0,0,0
0,0,0,0,0,1,0,0,1,0
8,0,0,0,0,8,8,0,8,0
0,0,1,0,0,0,0,0,0,0
0,0,0,0,0,0,0,0,0,0
0,0,0,0,0,5,0,0,0,0
0,0,0,0,0,0,0,0,0,0
0,0,1,0,0,0,1,0,0,0
0,0,0,0,0,0,0,0,0,0
0,0,0,0,0,0,0,0,0,0
0,0,0,0,0,0,0,0,0,0
0,0,0,0,0,0,0,0,0,0
0,0,0,0,0,0,0,0,0,0
0,0,0,0,0,0,0,0,0,0
0,0,0,0,0,0,0,0,0,0
1,1,0,0,0,1,0,1,0,0
0,0,0,0,0,0,0,0,0,0
0,0,0,0,0,0,0,0,0,0
0,0,0,0,0,0,0,0,0,0
0,0,0,0,1,0,0,0,0,0
0,0,1,1,1,0,0,0,0,0
0,0,0,0,0,0,0,0,0,0
0,0,0,0,0,0,0,0,0,0
0,0,1,0,1,0,0,0,0,0
1,1,0,0,0,1,0,1,0,1
0,0,0,0,0,7,0,0,0,0
0,0,0,0,0,0,0,0,0,0
0,0,0,0,0,0,0,0,0,0
0,0,4,4,0,0,0,0,4,0
0,0,0,0,0,16,0,0,0,0
0,0,0,0,0,0,0,0,0,0
0,0,0,0,0,0,0,0,0,0
0,0,0,0,0,2,0,0,0,2
0,0,0,0,0,0,0,0,0,0
6,6,0,0,0,6,0,6,0,6
0,0,1,0,0,0,1,0,1,0
0,0,0,0,0,0,0,0,0,0
0,0,0,0,0,0,0,0,0,0
0,0,0,0,0,0,0,0,0,0
0,0,1,1,1,0,1,0,1,0
0,0,0,0,0,4,0,0,0,0
0,0,1,0,0,0,0,0,0,0
0,0,0,0,0,2,0,0,0,0
0,0,0,0,0,0,0,0,0,0
0,0,0,0,0,0,0,0,0,0
0,0,0,0,0,3,0,0,0,3
0,0,0,0,0,0,0,0,0,0
0,0,33,0,0,0,0,0,0,0
0,0,0,0,0,0,0,0,0,0
0,0,0,0,0,0,0,0,0,0
0,0,2,2,0,0,0,0,2,0
0,0,0,0,0,0,0,0,0,0
0,2,0,0,0,2,0,0,0,2
0,0,0,0,0,0,0,0,0,0
0,0,0,1,0,0,0,0,0,0
0,0,1,0,1,0,0,0,0,0
0,0,1,0,0,0,0,0,0,0
0,0,0,0,0,0,0,0,0,0
0,0,0,0,0,0,0,0,0,0
0,0,0,0,0,0,0,0,0,0
22,22,0,0,0,22,0,22,0,22
0,0,0,0,0,0,0,0,0,0
0,0,0,0,0,21,0,0,0,0
0,0,0,0,0,0,0,1,0,0
0,0,0,0,0,0,0,0,0,0
0,0,1,0,0,0,0,0,0,0
0,0,0,0,0,0,0,0,0,0
0,0,0,0,0,0,0,0,0,0
0,0,0,0,0,0,0,0,0,0
0,0,0,0,0,0,0,0,0,0
0,1,1,0,1,1,1,1,0,1
0,0,0,0,0,0,0,0,0,0
0,0,0,0,0,0,0,0,0,0
0,0,2,0,0,0,2,0,2,0
0,0,6,0,0,0,0,0,0,0
0,0,0,0,0,0,0,0,0,0
2,0,2,2,2,0,2,0,2,0
0,0,0,0,0,0,0,0,0,0
0,0,0,0,0,0,0,0,0,0
0,0,0,0,0,0,0,0,0,0
0,30,0,0,0,30,0,0,0,0
0,0,0,0,0,0,0,0,0,0
0,0,0,0,0,0,0,0,0,0
0,0,0,0,0,0,0,0,0,13
0,0,0,0,0,0,0,0,0,0
0,0,2,0,0,0,0,0,0,0
0,0,0,0,0,0,0,0,0,2
2,0,2,0,0,0,2,0,2,0
0,0,0,0,0,0,0,0,0,0
0,0,0,0,0,0,0,0,0,0
0,0,0,0,0,0,0,0,0,0
0,0,0,0,5,5,5,0,0,5
0,0,0,0,0,0,0,0,0,0
0,0,0,0,0,0,0,0,0,0
0,0,0,0,0,0,0,0,0,0
11,11,0,0,0,11,0,0,0,11
0,0,8,0,8,0,0,0,0,0
0,0,0,0,0,0,0,0,16,0
0,0,1,0,1,0,0,0,0,0
0,0,0,0,0,0,0,0,0,0
0,0,0,0,0,0,0,0,0,0
0,0,0,0,0,2,0,0,0,0
0,0,12,0,0,0,0,0,0,0
0,0,0,0,0,0,0,0,0,0
0,0,0,0,0,1,0,0,0,1
0,0,0,0,0,0,0,0,0,0
0,0,7,0,0,0,7,0,0,0
0,0,0,0,0,0,0,0,0,0
0,0,0,0,0,0,0,0,0,0
0,0,3,0,0,0,3,0,0,0
0,0,0,0,0,0,0,0,0,0
0,0,0,0,0,0,0,0,0,0
0,0,0,0,0,2,0,0,0,0
1,0,0,0,0,1,0,0,0,1
0,0,0,0,0,6,0,0,0,6
0,0,0,0,0,0,0,0,0,0
0,0,1,1,0,0,1,0,0,0
0,0,0,0,0,0,0,0,0,12
0,0,0,0,0,0,0,0,0,2
0,0,0,0,0,0,0,0,0,0
0,0,0,0,0,0,0,0,0,0
0,0,0,0,0,0,0,0,0,0
0,0,0,0,0,0,0,0,0,0
0,0,10,0,0,0,10,0,0,0
0,0,0,0,0,0,0,0,0,0
0,0,165,165,0,0,0,0,0,0
57,57,0,0,0,57,0,0,0,0
0,0,0,0,0,0,0,0,0,0
0,0,0,0,0,2,0,0,0,0
0,0,0,0,0,58,0,0,0,58
0,0,0,0,0,0,0,0,0,0
0,0,0,0,0,0,0,0,0,0
2,2,0,0,0,2,0,0,2,0
0,0,0,0,0,0,0,0,0,0
0,0,0,0,0,0,0,0,0,0
0,0,0,0,0,0,0,0,0,0
0,0,0,0,0,0,0,0,0,0
0,0,0,0,0,0,0,0,0,0
0,0,0,0,0,0,0,0,0,0
0,0,0,0,0,0,0,0,0,0
0,0,0,0,0,0,0,0,0,0
0,0,1,1,0,0,0,0,0,0
0,0,0,0,0,0,0,0,0,0
0,0,1,1,0,0,1,0,1,0
0,0,0,0,0,0,0,0,0,0
38,0,0,0,0,0,0,0,0,0
0,0,0,0,0,0,0,0,0,0
0,1,0,0,0,1,0,0,0,0
0,0,0,0,0,0,0,0,0,0
3,3,0,0,0,3,0,0,0,3
0,0,0,0,0,0,0,0,0,0
0,0,0,0,0,0,0,0,0,0
0,0,0,0,0,0,0,0,0,0
0,0,0,0,0,0,0,0,0,0
0,0,0,0,0,4,0,0,0,4
0,0,0,0,0,0,0,0,0,0
0,0,2,2,0,0,2,0,2,0
0,0,0,0,0,0,0,0,0,0
0,0,0,0,0,0,0,0,0,0
0,0,0,0,0,0,0,0,0,0
0,0,0,0,0,0,0,0,0,0
0,0,0,0,0,0,0,0,0,0
0,0,0,0,0,0,0,0,0,0
4,0,0,0,0,0,0,0,0,0
3,3,0,0,0,3,0,3,0,0
0,0,0,0,0,0,0,0,0,0
0,0,0,0,0,0,0,0,0,0
0,0,0,0,0,0,0,0,0,0
1,0,0,0,0,0,0,0,0,1
0,0,0,0,0,0,0,0,0,0
0,0,0,0,0,0,0,0,0,0
0,0,0,0,0,0,0,0,0,0
0,0,0,0,0,1,0,0,0,0
0,0,0,0,0,13,0,0,0,13
0,0,0,0,0,0,0,0,0,0
0,0,0,0,0,0,0,0,0,0
0,0,0,0,0,0,0,0,0,0
0,0,0,0,0,0,0,0,0,0
0,0,3,3,0,0,0,0,0,0
0,0,0,0,0,1,0,0,0,0
0,0,0,0,0,1,0,0,0,0
0,0,0,2,0,0,0,0,0,0
0,0,0,0,0,0,0,0,0,0
0,0,19,0,0,0,0,0,0,0
0,0,0,0,0,0,0,0,0,0
0,0,0,0,0,0,0,0,0,0
0,0,0,0,0,0,0,0,0,0
0,0,2,0,2,0,0,0,0,0
0,0,0,0,0,0,0,0,0,2
3,3,0,0,0,3,0,3,0,3
0,0,0,0,0,0,0,0,0,0
0,0,0,0,0,0,0,0,0,0
3,0,0,0,0,3,0,0,0,0
0,0,0,0,0,9,0,0,0,9
0,0,0,0,0,1,0,0,0,1
0,0,1,0,0,0,0,0,0,0
2,0,0,0,0,0,0,0,0,0
0,0,0,0,0,0,0,0,0,0
0,0,0,0,0,0,0,0,0,0
0,0,0,0,0,0,0,0,0,0
0,0,0,0,0,0,0,0,0,0
1,0,1,0,0,0,1,0,0,0
0,0,0,0,0,8,0,0,0,0
0,0,0,0,0,1,0,0,0,0
0,0,0,0,0,0,0,0,0,0
0,0,2,0,0,0,2,0,2,0
0,0,0,0,0,1,0,0,0,1
0,0,0,0,0,0,0,0,0,0
0,0,0,0,0,0,0,0,0,0
0,0,0,0,0,0,0,0,0,0
5,0,0,0,0,5,0,0,0,0
0,0,0,0,0,0,0,0,0,0
0,0,0,0,0,0,0,0,0,0
0,0,0,0,0,0,0,0,0,0
0,0,0,0,0,0,0,0,0,0
0,0,0,0,0,0,0,0,0,0
0,0,1,1,0,0,0,0,1,0
0,0,0,0,0,0,0,0,0,0
2,2,0,0,0,2,0,0,0,0
0,0,0,0,0,0,0,0,0,0
1,0,0,0,0,0,0,0,0,0
0,0,2,0,0,0,0,0,0,0
0,0,6,6,0,0,0,0,0,0
0,0,0,0,0,0,0,0,0,1
0,0,0,0,0,0,0,0,0,0
0,0,1,0,0,0,0,0,0,0
2,2,0,0,0,2,0,0,0,2
0,0,0,0,0,1,0,0,0,0
0,0,0,0,0,0,0,0,0,0
0,0,0,0,0,0,0,12,0,0
0,0,1,0,0,0,0,0,0,0
0,0,0,0,0,0,0,0,0,0
3,0,3,3,0,0,0,3,3,0
0,0,0,0,0,22,0,0,0,0
0,0,4,4,0,0,0,4,4,0
0,0,0,0,0,0,0,0,0,0
0,0,0,0,0,0,0,0,0,0
0,0,0,0,0,0,0,0,0,2
0,0,0,0,0,0,0,0,0,0
0,0,0,0,0,0,0,0,0,0
3,0,0,0,0,3,0,0,0,0
0,0,0,0,0,0,0,0,0,0
0,0,1,1,1,0,1,0,0,0
0,0,0,0,0,0,0,0,0,0
0,0,0,0,0,0,0,0,0,0
0,0,2,0,0,0,0,0,0,0
0,0,0,0,0,0,0,0,0,0
0,0,23,23,0,0,0,0,0,0
0,0,0,0,0,0,1,0,0,0
0,0,0,0,0,0,0,0,0,0
0,0,0,0,0,1,0,0,0,0
0,0,5,0,0,0,0,0,0,0
0,0,0,0,0,0,0,0,0,0
0,0,0,0,0,0,0,0,0,9
13,0,0,0,0,13,0,0,0,13
0,0,1,0,0,0,0,1,1,0
0,0,0,0,0,0,0,0,0,0
0,0,0,0,0,0,0,0,0,0
0,0,0,0,0,5,0,0,0,0
0,0,0,0,0,0,0,0,0,0
0,0,0,0,0,1,0,0,0,0
0,0,0,0,0,0,0,0,0,1
0,0,0,0,0,0,0,0,0,0
1,1,0,0,0,1,0,1,0,1
0,0,0,0,0,0,0,0,0,0
0,0,0,0,0,0,0,0,0,0
0,0,0,0,0,0,0,0,0,0
3,0,3,0,0,0,0,3,3,0
0,0,0,0,0,0,0,0,0,0
0,0,0,0,0,0,0,0,0,0
6,0,0,0,0,0,0,0,0,0
0,0,0,0,0,0,0,0,0,0
0,0,0,0,0,0,0,0,0,0
0,0,0,0,0,0,0,0,0,0
0,0,0,0,0,1,0,0,0,0
0,1,0,0,0,1,0,1,0,0
0,0,1,1,1,0,1,0,0,0
0,0,0,0,0,0,0,0,0,0
0,0,0,0,0,0,0,0,0,0
0,0,0,0,0,1,0,0,0,0
0,0,0,0,0,0,0,0,0,0
0,0,0,0,0,0,0,0,0,0
0,0,0,0,0,0,0,0,0,0
5,0,0,0,0,0,0,0,0,0
0,0,0,0,0,1,0,0,0,0
0,0,0,0,0,0,0,0,0,4
0,0,0,0,0,0,0,0,0,0
0,0,0,0,0,2,0,0,0,2
0,0,0,0,0,0,0,0,0,0
0,0,0,0,0,0,0,0,0,0
0,0,0,0,0,46,0,0,0,0
0,0,0,0,0,3,0,0,0,0
0,0,0,0,0,0,0,0,0,0
0,0,0,0,0,0,0,0,0,0
0,4,0,0,0,4,0,0,0,0
0,0,0,0,0,0,0,0,0,0
0,0,0,0,0,0,0,0,0,0
0,0,0,0,0,0,1,0,0,0
0,0,0,0,0,0,0,0,0,0
0,0,0,0,0,0,0,0,0,0
0,0,1,0,0,0,1,0,1,0
0,0,0,0,0,3,0,0,0,3
2,0,0,0,0,0,0,2,0,0
0,0,0,0,0,0,0,0,0,0
0,0,0,0,0,0,0,0,0,0
0,0,0,0,0,0,0,0,0,0
0,0,0,0,0,0,0,0,0,0
0,2,0,0,0,2,0,0,0,2
0,2,2,0,2,2,2,2,2,2
0,0,0,0,0,31,0,0,0,0
0,5,0,0,0,5,0,0,0,5
0,0,0,0,0,1,0,0,0,0
0,0,1,0,0,0,0,0,0,0
0,0,0,0,0,0,0,0,0,0
0,0,0,0,0,1,0,0,0,0
0,0,1,0,0,0,0,0,0,0
7,7,0,0,0,7,0,0,0,0
0,0,0,0,0,0,0,0,0,0
1,1,0,0,0,1,0,1,1,1
0,0,0,0,0,0,0,0,0,0
0,0,1,0,0,0,0,0,0,0
0,0,0,0,0,1,0,0,0,0
0,0,0,0,0,0,0,0,0,0
0,0,0,0,0,0,0,0,0,0
0,0,1,1,1,0,1,0,1,0
0,0,0,0,0,0,0,0,0,0
0,0,0,0,0,0,0,0,0,0
0,0,0,0,0,4,0,0,4,0
0,0,0,0,0,0,0,0,0,0
0,0,0,0,0,0,0,0,0,0
0,0,0,0,0,0,0,0,0,0
0,0,0,0,0,0,0,0,0,0
0,0,8,0,8,0,0,0,0,0
0,0,0,0,0,0,0,0,0,0
0,0,0,0,0,1,0,0,0,1
0,0,0,0,0,0,0,0,0,0
3,3,0,0,0,3,0,0,0,0
0,0,0,0,0,0,0,0,0,0
0,0,0,0,0,0,0,0,0,0
5,0,0,0,0,5,0,0,0,5
0,0,0,0,0,0,0,0,0,0
0,0,2,2,2,0,2,0,2,0
0,0,0,0,0,0,0,0,0,0
0,0,0,0,0,0,0,0,0,0
0,0,0,0,0,0,0,0,0,0
0,0,0,0,0,0,0,0,0,0
0,0,0,0,0,1,0,0,0,1
0,0,1,1,0,0,1,0,1,0
0,0,0,0,0,61,0,0,0,0
19,0,0,0,0,0,0,0,0,0
0,0,0,0,0,3,0,0,0,3
0,0,1,0,0,0,0,0,0,0
0,0,0,0,0,1,0,0,0,0
0,0,0,0,0,0,0,0,0,0
0,0,0,0,0,28,0,0,0,0
0,0,0,0,0,0,0,0,0,0
0,0,0,0,0,1,0,0,0,0
1,0,1,0,1,0,1,0,1,0
0,0,0,0,0,0,0,0,0,0
6,6,0,0,0,6,0,6,0,6
0,0,0,0,0,0,0,0,0,0
0,0,0,0,0,0,0,0,0,0
0,0,0,0,0,0,0,0,0,0
0,0,0,0,0,0,0,0,0,0
0,0,1,0,1,0,1,0,0,0
0,0,0,0,0,0,0,0,0,0
5,0,5,0,0,0,0,0,0,0
0,0,0,0,0,0,0,0,0,0
0,0,0,0,0,0,0,0,0,0
0,0,0,0,0,0,0,0,0,0
0,0,0,0,0,0,0,0,0,0
0,0,0,0,0,0,0,0,0,0
0,0,0,0,0,0,0,0,0,0
0,0,0,0,0,0,0,0,0,0
0,0,0,0,0,6,0,0,0,0
0,0,0,0,0,0,0,0,0,0
0,0,0,0,0,1,0,0,0,1
0,0,1,0,1,0,1,0,0,0
0,0,0,0,0,119,0,0,0,119
0,0,0,0,0,0,0,0,0,0
0,0,0,0,0,0,0,0,0,0
0,0,1,0,0,0,0,0,1,0
0,0,0,0,0,0,0,0,0,0
0,0,3,0,0,0,0,3,3,0
0,0,0,0,0,0,0,0,0,0
0,0,0,0,0,0,0,0,0,0
0,0,0,0,0,1,0,0,0,1
0,0,0,0,0,0,0,0,0,0
0,0,0,0,0,0,0,0,0,0
0,0,0,0,0,0,0,0,0,0
0,0,0,0,0,1,0,0,0,0
0,1,0,0,0,1,0,0,0,0
0,0,0,0,0,0,0,0,0,0
0,0,5,0,0,5,0,0,0,0
0,0,1,0,0,0,0,0,1,0
0,0,0,0,0,0,0,0,0,0
0,3,0,0,0,3,0,0,0,0
0,0,0,0,0,0,0,0,0,0
0,0,0,0,0,0,0,0,2,0
0,0,0,0,0,0,0,0,0,0
0,0,0,0,0,1,0,0,0,1
0,0,0,0,0,0,0,0,0,0
0,0,0,0,0,0,0,0,0,0
0,0,1,0,0,1,0,0,0,1
0,0,1,0,1,0,0,0,0,0
0,0,0,0,0,1,0,0,0,0
0,0,1,0,1,0,0,0,0,0
0,0,0,0,0,0,0,0,0,0
1,0,0,0,0,0,0,1,0,0
0,0,1,1,0,0,1,0,1,0
6,6,0,0,0,6,0,0,0,6
0,0,0,0,0,0,0,0,0,0
0,2,0,0,0,2,0,0,0,0
0,0,0,0,0,2,0,0,0,2
8,8,8,8,0,8,0,0,0,8
0,0,0,0,0,1,0,0,0,0
0,0,0,0,0,0,0,0,0,0
0,0,0,0,0,0,0,0,0,0
0,0,1,0,1,0,0,0,0,0
0,0,0,0,0,1,0,0,0,0
0,0,1,0,0,0,0,1,1,0
0,0,0,0,0,0,0,0,0,0
0,0,0,0,0,0,0,0,0,0
0,0,1,1,1,0,1,0,1,0
4,0,0,0,0,4,0,0,0,4
0,0,0,0,0,0,0,0,0,0
0,0,0,0,0,0,0,0,0,0
0,0,0,0,0,0,0,0,0,0
0,0,0,0,0,0,0,0,0,0
0,0,0,0,0,0,0,0,0,0
7,7,0,0,0,7,0,0,0,7
0,0,0,0,0,0,0,0,0,0
0,0,0,0,0,0,0,0,0,0
0,0,0,0,0,10,0,0,0,0
0,0,0,0,0,0,0,0,0,0
0,0,0,0,0,0,0,0,0,0
0,0,0,0,0,0,0,0,0,0
0,0,0,0,0,0,0,0,0,0
0,0,0,0,0,0,0,0,0,0
1,0,1,0,0,0,0,0,0,0
0,0,0,0,0,2,0,0,0,2
0,0,0,0,0,0,0,0,0,0
0,0,1,1,0,0,0,0,0,0
0,0,0,0,0,0,0,0,0,0
0,0,0,0,0,1,0,0,0,0
0,0,0,0,0,0,0,0,0,0
0,0,0,0,0,0,0,0,0,0
0,0,0,0,0,0,0,0,0,0
0,0,0,0,0,0,0,0,0,0
0,0,0,0,0,0,0,0,0,0
0,0,0,1,0,0,0,0,0,1
0,0,0,0,0,0,1,0,0,0
0,0,0,0,0,0,0,0,0,0
0,0,1,0,0,0,1,0,0,0
0,0,0,0,0,0,0,0,0,0
0,0,2,0,2,0,0,0,2,0
0,0,0,0,0,0,0,0,0,0
0,0,4,0,0,0,4,0,4,0
0,0,0,0,0,0,0,0,0,0
0,0,0,0,0,0,0,0,0,0
0,0,0,0,0,0,0,0,0,0
0,0,0,0,0,0,0,0,0,0
0,0,1,1,1,0,1,0,0,0
0,0,0,0,0,0,0,0,0,0
0,0,0,5,0,0,0,0,5,0
2,0,0,0,0,2,0,2,0,0
39,39,0,0,0,39,0,39,0,0
0,0,0,0,0,0,0,0,0,0
0,0,0,0,0,0,0,0,0,0
0,0,1,1,1,0,0,0,0,0
0,0,0,0,0,0,0,0,0,0
0,0,1,0,0,0,0,0,0,0
0,0,2,0,2,0,2,0,0,0
0,0,1,1,0,0,1,0,1,0
2,2,0,0,0,2,0,0,0,2
0,7,0,0,0,7,0,0,0,7
0,0,0,0,0,0,0,0,0,0
0,0,0,0,0,0,0,0,0,0
0,2,0,0,0,2,0,0,0,0
0,0,0,0,0,0,0,0,0,0
0,0,0,0,0,0,0,0,0,0
0,0,0,0,0,0,0,0,0,0
0,0,2,0,0,0,2,0,0,0
0,0,0,0,0,0,0,0,0,0
0,1,0,0,0,1,0,0,0,0
0,0,0,0,0,0,0,0,0,0
0,0,14,0,0,0,0,0,0,0
0,0,0,0,0,0,0,0,0,0
0,0,0,0,0,0,0,0,0,0
0,0,0,0,0,1,0,0,0,0
0,0,0,0,0,0,0,0,0,0
0,0,0,0,0,0,0,0,0,0
0,0,0,0,0,2,0,0,0,2
0,0,1,0,0,0,0,0,0,0
0,0,0,0,0,0,0,0,0,0
0,0,0,0,0,0,0,0,0,0
0,0,0,0,0,0,0,0,0,0
0,0,0,0,0,1,0,0,0,0
0,0,0,0,0,0,0,0,0,0
0,0,0,0,0,0,0,0,0,0
0,0,0,0,0,0,0,0,0,0
0,0,0,0,0,0,0,0,0,0
0,0,0,0,0,0,0,0,0,0
0,0,0,0,0,0,0,0,0,0
0,0,1,1,1,0,0,0,0,0
0,0,24,0,0,0,24,0,24,0
0,0,2,0,2,0,0,0,0,0
0,0,0,0,0,0,0,0,0,0
0,0,0,0,0,0,0,0,0,0
0,0,0,0,0,0,0,0,0,0
0,0,0,0,0,0,0,0,0,0
0,17,0,0,0,17,0,0,0,17
0,0,0,0,0,0,0,0,0,0
0,0,0,0,0,0,0,0,0,0
0,0,2,0,0,0,0,0,0,0
0,0,0,0,0,0,0,0,0,0
0,0,0,0,0,0,0,0,0,0
0,89,0,0,0,89,0,0,0,0
0,0,0,0,0,0,0,0,0,0
0,0,0,0,0,0,0,0,0,0
0,0,0,0,0,6,0,0,0,0
0,0,0,0,0,0,0,0,0,0
5,0,0,0,0,5,0,0,0,5
0,0,2,0,2,0,0,0,0,0
0,0,0,0,0,1,0,0,0,0
0,0,0,0,0,0,0,0,0,0
0,0,0,0,0,0,0,0,0,0
0,0,2,2,0,0,0,0,0,0
0,1,0,0,0,1,0,0,0,0
0,0,0,0,0,0,0,0,0,0
0,0,0,0,0,36,0,0,0,0
0,0,0,0,0,0,0,0,0,0
0,0,0,0,0,0,0,0,0,0
0,1,0,0,0,1,0,0,0,0
0,0,1,0,1,0,1,0,1,0
0,0,0,0,0,0,0,0,0,0
0,0,0,0,0,0,0,0,0,0
0,0,0,0,0,0,0,0,0,0
0,0,0,0,0,0,0,0,0,0
0,0,0,0,0,0,0,0,0,0
1,0,0,0,0,0,0,0,0,1
0,0,0,0,0,0,0,0,0,0
0,0,0,0,0,0,0,0,0,0
0,0,0,0,0,1,0,0,0,1
0,0,0,0,0,0,0,0,0,0
0,0,0,0,0,0,0,0,0,0
0,0,0,0,0,0,0,0,0,0
0,0,1,1,0,0,0,0,0,0
0,0,0,0,0,0,0,0,0,0
0,0,0,0,0,3,0,0,0,0
0,0,0,0,0,0,0,0,0,0
0,0,0,0,0,0,0,0,0,0
0,0,0,0,0,0,0,0,0,0
0,0,3,3,0,0,3,3,3,0
0,0,0,0,0,0,0,0,0,0
16,0,0,0,0,0,0,0,0,0
0,0,2,0,2,0,2,0,0,0
0,1,0,0,0,1,0,0,0,0
4,4,0,4,0,4,0,0,0,4
0,0,0,0,0,0,0,0,0,0
0,0,0,0,0,0,0,0,0,0
0,0,0,0,0,0,0,0,0,0
0,0,0,0,0,0,0,0,0,0
0,0,0,0,0,5,0,0,0,0
0,0,0,0,0,0,0,0,0,0
0,0,0,0,0,0,0,0,0,1
0,0,1,0,1,0,1,0,1,0
0,0,0,0,2,0,0,2,0,2
0,0,1,0,0,0,0,1,1,0
0,0,0,0,0,0,0,0,0,0
0,2,0,0,0,2,0,0,0,2
0,0,0,0,0,0,0,0,0,0
0,0,4,0,0,0,0,0,0,0
0,0,0,0,0,0,0,0,0,0
0,0,0,0,0,0,0,0,0,0
0,0,0,0,0,0,0,0,0,0
0,0,0,0,0,31,0,0,0,31
0,0,0,0,0,0,0,0,0,0
0,0,0,0,0,0,0,0,0,0
0,0,0,0,0,0,0,0,0,0
0,0,5,5,0,0,0,0,5,0
0,0,1,0,0,0,0,0,0,0
0,0,0,0,0,4,0,0,0,4
0,0,0,0,0,0,0,0,0,0
0,0,0,0,0,0,0,0,0,0
0,0,0,0,0,1,0,0,0,0
0,0,1,0,0,0,0,0,0,0
0,0,0,0,0,0,0,0,0,0
0,0,0,0,0,0,0,0,0,0
0,0,0,0,0,0,0,0,0,0
0,0,0,0,0,0,0,0,0,0
0,0,0,0,0,0,0,0,0,0
0,0,0,0,0,0,0,0,0,0
0,0,0,0,0,12,0,0,0,0
0,3,0,0,0,3,0,0,3,3
0,0,2,0,0,0,2,0,0,0
0,0,3,0,3,0,0,0,0,0
0,0,0,0,0,0,0,0,0,0
0,0,0,0,0,0,0,0,0,0
0,0,2,0,2,2,0,0,2,2
0,0,1,1,0,0,0,0,0,0
0,0,0,0,0,0,0,0,0,0
1,0,0,0,1,0,0,0,0,0
0,0,1,0,0,0,0,0,1,0
0,0,5,5,0,0,0,0,5,5
0,0,0,0,0,0,0,0,0,0
0,0,3,3,3,0,3,0,0,0
0,0,0,0,0,5,0,0,0,5
0,0,0,0,0,0,0,0,0,0
0,0,0,0,0,0,0,0,0,0
0,0,0,0,0,0,0,0,0,0
0,0,1,0,0,0,0,0,1,0
0,0,0,0,0,0,0,0,0,0
0,0,0,0,0,0,0,0,0,0
0,0,0,0,0,6,0,0,0,0
0,1,0,0,0,1,0,0,0,0
0,0,0,0,0,0,0,0,0,0
0,0,0,0,0,2,0,0,0,0
0,0,0,0,0,0,0,0,0,0
0,0,1,0,0,0,0,0,1,0
0,0,0,0,0,0,0,0,1,0
0,0,0,0,0,0,0,0,0,0
0,0,0,0,0,0,0,0,0,0
0,0,0,0,0,0,0,0,0,0
0,19,0,0,0,19,0,0,0,0
0,0,1,0,1,0,0,0,0,0
0,0,0,0,0,1,0,0,0,0
0,0,0,0,0,0,0,0,0,0
0,9,0,0,0,9,0,0,0,0
0,0,0,0,0,0,0,0,0,0
0,0,0,0,0,0,0,0,0,924
0,0,0,0,0,0,0,0,0,0
0,0,0,0,0,0,0,0,0,0
0,0,0,0,0,0,0,0,0,0
0,0,0,0,0,0,0,0,0,0
0,0,1,1,1,0,1,0,1,0
0,0,4,0,0,0,0,0,4,0
0,0,0,0,0,0,0,0,0,0
0,0,0,0,0,0,0,0,0,0
0,0,0,0,0,0,0,0,0,0
0,4,0,0,0,4,0,0,0,4
0,0,0,0,0,0,0,0,0,0
0,0,0,0,0,0,0,0,0,0
0,0,0,0,0,0,0,0,0,4
0,0,0,0,0,0,0,0,0,12
0,0,0,0,0,0,0,0,0,0
0,0,0,0,0,0,0,0,0,0
0,0,0,0,0,0,0,0,0,0
0,0,0,0,0,0,0,0,0,0
0,0,2,0,0,0,0,0,0,2
0,0,0,0,0,0,0,0,0,0
0,0,0,0,0,0,0,0,0,0
0,0,0,0,0,0,0,0,0,0
0,0,0,0,0,2,0,0,0,0
0,0,6,6,0,0,0,0,0,0
0,0,0,0,0,0,0,0,0,0
0,0,2,0,0,0,0,0,2,0
0,0,0,0,0,0,0,0,0,0
0,0,0,0,0,0,0,0,0,0
0,0,3,0,0,0,0,3,0,0
0,0,0,0,0,0,0,0,0,0
0,0,0,0,0,0,0,0,0,0
5,0,0,0,0,0,0,0,0,0
0,0,0,0,0,0,0,0,0,0
0,0,0,0,0,0,0,0,0,0
0,0,1,1,1,0,1,0,1,0
0,0,0,0,0,0,0,0,0,0
0,1,0,0,0,1,0,0,0,1
0,0,0,0,0,8,0,0,0,8
0,0,0,0,0,2,0,0,0,2
0,0,0,0,0,6,0,0,0,6
0,0,0,0,0,0,0,0,0,0
0,0,0,0,0,0,0,0,0,0
0,0,2,0,2,0,0,0,0,0
0,0,2,2,0,0,2,0,2,0
0,0,0,0,0,0,0,0,0,0
0,0,0,0,0,1,0,0,0,1
0,0,0,0,0,0,0,0,0,0
0,0,2,0,2,0,0,0,2,0
0,0,0,0,0,0,0,0,0,0
0,0,0,0,0,0,0,0,0,0
0,0,0,0,0,0,0,0,0,0
0,0,0,0,0,0,0,0,0,0
0,0,0,0,0,0,0,0,0,0
0,0,0,0,0,0,0,0,0,0
0,0,2,0,0,0,0,0,2,0
0,0,0,0,0,0,0,0,0,0
0,0,0,0,0,0,0,0,0,0
0,0,0,0,0,0,0,0,0,0
0,0,0,0,0,0,1,0,0,0
8,0,8,0,0,8,0,0,0,0
1,1,0,0,0,1,0,0,0,1
4,0,0,0,0,0,0,0,0,0
143,0,0,0,0,0,0,0,143,0
0,0,0,0,0,0,0,0,0,0
0,0,0,0,0,0,0,0,0,0
0,0,0,0,0,0,0,0,0,0
0,0,0,0,0,0,0,0,0,0
0,0,0,0,0,0,0,0,0,0
0,0,1,0,0,0,0,0,0,0
0,0,0,0,0,0,0,0,0,0
0,0,0,0,0,1,0,0,0,0
0,0,0,0,0,0,0,0,1,0
0,0,0,0,0,0,0,0,0,0
0,0,0,0,0,0,0,0,0,4
0,0,0,0,0,0,0,0,0,0
0,0,0,0,0,2,0,0,0,2
0,0,0,0,0,2,0,0,0,0
0,0,0,0,0,0,0,0,0,0
0,0,0,0,0,0,0,0,0,0
0,0,0,0,0,0,0,0,0,0
0,0,0,0,0,0,0,0,4,0
0,0,0,0,0,0,0,0,0,0
0,0,0,0,0,0,0,0,0,0
0,0,1,0,0,0,0,0,0,0
0,0,0,0,0,0,0,0,0,0
0,0,0,0,0,0,0,0,0,0
0,0,0,0,0,0,0,0,0,0
0,0,0,0,0,0,0,0,0,0
0,0,3,0,3,0,3,0,0,0
0,0,2,0,0,0,0,0,0,0
0,0,0,0,0,0,0,0,0,2
0,0,0,0,0,0,0,0,0,0
0,0,0,0,0,0,1,0,0,0
0,0,3,0,0,0,3,0,0,0
0,0,0,0,0,5,0,0,0,0
0,0,1,1,1,0,1,0,1,0
0,0,0,0,0,1,0,0,0,0
0,0,0,0,0,0,0,0,0,0
0,0,0,0,0,0,0,0,0,0
1,0,0,0,0,0,0,0,0,0
0,0,0,0,0,0,0,0,0,0
0,0,0,0,0,0,0,0,0,0
0,0,0,0,0,12,0,0,0,0
0,0,0,0,0,0,0,0,0,0
0,0,0,0,0,0,0,0,0,0
0,1,0,0,0,1,0,0,0,0
0,0,0,0,0,0,0,0,0,0
0,0,4,4,0,0,4,0,4,0
0,0,0,0,0,0,0,0,0,0
0,0,0,0,0,0,0,0,0,0
16,16,0,0,0,16,0,0,0,16
0,0,0,0,0,1,0,0,0,0
0,0,1,0,1,0,1,0,0,0
0,0,0,0,0,0,0,0,0,0
0,0,0,0,0,1,0,0,0,0
0,4,0,0,0,4,0,0,0,0
7,7,0,0,0,7,0,7,0,7
0,0,0,0,0,0,0,0,0,0
0,0,0,0,0,0,0,0,0,0
0,0,1,0,0,0,1,0,1,0
0,0,0,0,0,0,0,0,0,0
0,0,0,0,0,0,0,0,0,0
0,0,0,0,0,0,0,0,0,0
14,14,0,0,0,14,0,0,0,0
0,0,1,0,1,0,0,0,1,0
0,0,0,0,0,0,0,0,0,0
0,0,0,0,0,0,0,0,0,0
0,0,0,0,0,0,0,0,0,0
0,0,1,1,0,0,0,1,1,0
0,0,0,0,0,1,0,0,0,0
0,0,0,0,0,0,0,0,0,0
0,0,0,0,0,1,0,0,0,0
0,0,0,0,0,4,0,0,0,0
0,0,0,0,0,0,0,0,0,0
1,0,0,0,0,1,0,0,0,0
0,0,1,0,0,0,0,0,0,0
0,0,0,0,0,0,0,0,0,0
0,0,6,6,6,0,6,0,6,0
0,0,2,0,2,0,0,0,2,0
0,0,0,0,0,4,0,0,0,0
1,1,0,0,0,1,0,0,0,1
0,0,0,0,0,0,0,0,0,0
0,0,0,0,0,0,0,0,0,0
0,0,0,0,0,0,0,0,0,0
0,0,0,0,0,0,0,0,0,0
0,0,0,2,0,0,0,0,0,0
0,0,0,0,0,0,0,0,0,0
0,0,0,0,0,0,0,0,0,0
0,0,0,0,0,0,0,0,0,0
0,0,0,0,0,0,0,0,0,0
0,0,0,0,0,0,0,0,0,0
0,0,0,0,0,0,0,0,0,0
2,0,0,0,0,0,0,2,2,0
15,0,0,0,0,15,0,0,0,0
0,0,1,0,0,0,0,1,0,0
2,0,0,0,0,0,0,0,0,2
0,0,0,0,0,0,0,0,0,0
0,0,0,0,0,4,0,0,0,4
0,0,0,0,0,0,0,0,0,0
0,0,0,0,0,0,0,0,0,0
0,0,0,0,0,0,0,0,0,40
0,0,0,0,0,0,0,0,0,0
0,0,0,0,0,0,0,0,0,0
0,0,0,0,0,0,0,0,0,0
0,0,0,0,0,1,0,0,0,1
0,0,0,0,0,0,0,0,0,0
0,0,5,5,0,0,0,0,0,0
0,0,0,0,0,0,0,0,0,0
0,0,0,0,0,0,0,0,0,0
0,0,0,2,0,2,0,0,0,2
0,0,0,0,0,0,0,0,0,0
0,0,1,0,0,0,0,0,0,0
0,0,0,0,0,0,0,0,0,9
0,0,0,0,0,0,0,0,0,0
0,0,0,0,0,0,0,0,0,0
0,0,0,0,0,0,0,0,0,0
0,0,0,0,0,0,0,0,0,8
0,0,0,0,0,0,0,0,0,0
0,0,0,0,0,0,0,0,0,0
0,0,0,0,0,0,0,0,0,0
0,0,0,0,0,8,0,0,0,0
0,0,1,0,0,0,0,0,0,0
0,37,0,0,0,37,0,0,0,0
0,0,0,0,0,0,0,0,0,0
0,0,0,0,0,0,0,0,0,0
0,0,0,0,0,0,0,0,0,0
0,0,0,0,0,0,0,0,0,0
0,0,1,0,0,1,0,0,0,1
0,0,0,0,0,0,0,0,0,0
0,0,0,0,0,0,0,0,0,1
0,0,48,48,48,0,48,0,48,0
0,0,3,3,0,0,3,0,0,0
0,0,1,0,1,0,1,0,1,0
0,0,0,0,0,1,0,0,0,1
0,0,0,0,0,0,0,0,0,0
1,1,0,0,0,1,0,1,0,1
0,12,0,0,0,12,0,12,0,0
0,0,1,0,0,0,0,0,0,0
0,0,0,0,0,0,0,0,0,0
0,1,0,0,0,1,0,0,0,0
0,0,0,0,0,0,0,0,0,0
0,0,0,0,0,0,0,0,0,2
0,0,0,0,0,1,0,0,0,0
0,0,0,0,0,0,0,0,0,0
2,0,0,0,0,0,0,0,0,0
0,0,0,0,0,0,0,0,0,0
0,0,0,0,0,1,0,0,0,0
0,0,0,0,0,1,0,0,0,1
0,1,0,0,0,1,0,1,0,0
0,0,0,0,0,6,0,0,0,6
0,0,0,0,0,0,0,0,0,0
0,0,1,0,0,0,0,0,0,0
0,0,0,0,0,0,0,0,0,0
0,0,0,0,0,8,0,0,0,0
0,0,0,0,0,17,0,0,0,0
0,0,1,0,0,0,1,0,1,0
0,0,0,0,0,0,0,0,0,0
0,0,0,0,0,2,0,0,0,0
0,1,0,0,0,1,0,0,0,0
0,0,0,0,0,0,0,0,0,0
0,0,6,0,6,0,0,0,0,0
0,0,0,0,0,2,0,0,0,0
0,0,1,0,1,0,1,0,1,0
0,0,0,0,0,0,0,0,0,0
0,0,1,1,0,0,1,0,1,0
0,0,0,0,0,0,0,0,0,0
0,0,1,0,0,0,0,0,0,0
0,0,0,0,0,0,0,0,0,0
0,0,0,0,0,0,0,0,11,0
0,0,1,1,0,0,0,0,1,0
0,0,0,0,0,0,0,0,0,0
2,0,2,0,0,0,2,2,2,0
0,0,0,0,0,0,0,0,0,0
0,0,0,0,0,0,0,0,0,0
26,26,0,0,26,26,26,0,26,26
0,0,0,0,0,0,0,0,0,0
0,0,0,0,0,0,0,0,0,0
0,0,0,0,0,0,0,0,0,0
0,0,0,0,0,0,0,0,0,0
0,0,0,0,0,0,0,0,0,0
0,0,0,0,0,0,0,0,0,0
0,0,2,2,2,0,2,0,2,0
0,0,0,0,0,0,0,0,0,0
0,0,0,0,0,0,0,0,0,0
0,0,0,0,0,0,0,0,0,0
0,0,0,0,0,0,0,0,0,0
0,0,0,0,0,0,0,0,0,0
0,0,0,0,0,0,0,0,0,0
0,0,3,3,3,0,0,0,3,0
0,0,4,4,4,0,4,4,4,0
0,0,7,0,0,0,0,0,0,0
0,0,2,2,0,0,0,0,0,0
0,0,0,0,0,6,0,0,0,0
0,0,0,0,0,0,0,0,0,0
5,5,0,0,0,5,0,5,0,0
0,0,0,0,0,4,0,0,0,0
0,0,0,0,0,0,0,0,0,0
0,0,0,0,0,0,0,0,0,0
0,0,0,0,0,0,0,0,0,11
1,0,0,0,0,1,0,0,0,0
0,0,0,0,0,0,0,0,0,0
0,0,0,0,0,0,0,1,0,0
0,0,0,0,0,0,0,0,0,0
0,0,0,0,0,0,0,0,0,0
0,0,0,0,0,0,0,0,0,0
0,0,1,0,1,0,0,0,0,0
0,0,0,0,0,0,0,0,0,0
0,0,1,1,1,0,1,0,1,0
0,0,0,0,0,0,0,0,0,0
0,0,0,0,0,0,0,0,0,0
0,0,2,2,0,0,2,2,2,0
0,0,0,0,0,0,0,0,0,0
0,0,0,0,0,5,0,0,0,0
0,0,2,2,0,0,0,0,2,0
0,0,0,0,0,2,0,0,0,0
0,0,0,0,0,0,0,0,0,0
0,0,0,0,0,0,0,0,0,0
0,0,0,0,0,0,0,0,0,0
0,0,0,0,0,0,0,0,0,0
0,0,0,0,0,0,0,0,0,0
2,2,0,0,0,2,0,0,0,2
0,0,0,0,0,0,0,0,0,0
0,0,0,0,0,0,0,0,0,0
0,0,0,0,0,1,0,0,0,0
0,0,0,0,0,0,0,0,0,0
0,0,0,0,0,2,0,0,0,0
1,0,0,0,0,0,0,0,0,0
0,0,2,0,0,0,0,0,0,0
1,1,0,0,0,1,0,1,0,1
0,0,1,1,1,0,0,0,1,0
0,0,0,0,0,0,0,0,0,0
0,0,0,0,0,0,2,0,2,0
0,0,1,0,0,0,1,0,1,0
0,0,0,0,0,0,0,0,0,0
0,0,0,0,0,0,0,0,0,0
0,0,0,0,0,0,0,0,0,0
0,0,0,0,0,1,0,0,0,0
0,1,0,0,0,1,0,0,0,0
4,4,0,0,0,4,0,0,0,4
0,0,0,0,0,1,0,0,0,0
0,0,0,0,0,0,0,0,0,0
0,0,0,0,0,4,0,0,0,0
0,0,0,0,0,0,0,0,0,0
0,0,0,0,0,0,0,0,0,0
0,0,0,0,0,0,0,0,0,0
0,0,0,0,0,0,0,0,0,0
0,0,2,2,0,0,0,0,0,0
0,0,1,1,0,0,0,0,1,0
0,0,0,0,0,0,0,0,0,0
0,0,0,0,0,0,0,0,0,0
0,0,0,0,0,0,0,0,0,0
0,0,0,0,0,0,0,0,0,0
0,0,0,0,0,0,0,0,0,0
0,0,6,0,0,0,0,0,6,0
0,0,0,0,0,0,0,0,0,0
0,0,0,0,0,0,0,0,0,1
0,0,0,0,0,0,0,0,0,0
0,0,0,0,0,0,0,0,0,0
0,0,0,0,0,0,0,0,0,0
0,0,0,0,0,0,0,0,0,0
0,0,0,0,0,0,0,0,0,0
0,0,0,0,0,0,0,0,0,0
0,0,1,1,0,0,1,0,1,0
1,0,0,0,0,0,0,1,0,0
0,0,0,0,0,0,0,0,0,0
0,0,0,0,0,0,0,0,0,0
0,0,1,0,0,0,1,0,0,0
1,0,0,0,0,0,0,0,0,0
0,0,0,0,0,0,0,0,0,0
0,0,1,0,0,0,1,0,0,0
0,0,0,0,0,0,0,0,0,0
1,0,0,0,0,0,0,0,0,0
0,0,0,0,0,0,0,0,0,0
0,0,0,0,0,0,0,0,0,0
5,5,0,0,0,5,0,5,0,5
0,0,0,0,0,0,0,0,0,0
0,0,4,0,0,0,4,0,0,0
0,0,0,0,0,0,0,0,0,0
0,0,0,0,0,1,0,0,0,0
0,0,0,0,0,0,0,0,0,0
0,0,1,0,0,0,0,0,0,0
0,0,0,0,0,0,0,0,0,0
0,0,33,33,33,0,33,0,33,0
0,0,0,0,0,0,0,0,0,0
0,0,1,0,0,0,0,0,0,0
0,0,0,0,0,0,0,0,0,0
0,0,1,1,1,0,0,0,1,0
0,0,0,0,0,0,0,0,0,0
0,0,0,0,0,0,0,0,0,22
0,0,0,0,0,4,0,0,0,0
0,0,0,0,0,0,0,0,0,0
0,0,0,0,0,0,0,0,0,0
0,0,0,0,0,6,0,0,0,6
0,0,0,0,0,0,0,0,0,0
0,0,0,0,0,0,0,0,0,0
0,0,1,0,0,0,1,0,1,0
0,0,0,0,0,0,0,0,0,0
10,0,0,0,0,10,0,0,0,10
0,0,0,0,0,0,0,0,0,0
0,0,0,0,0,0,0,0,0,0
0,0,7,0,0,0,7,0,7,0
0,0,1,0,0,0,0,0,1,0
0,0,0,0,0,9,0,0,0,0
0,0,0,0,0,0,0,0,0,0
0,0,0,0,0,0,0,0,0,0
0,0,1,0,0,0,0,0,0,0
0,0,0,0,0,7,0,0,0,0
0,0,0,0,0,0,0,0,0,0
0,0,3,0,0,0,0,0,0,0
0,0,0,0,0,0,0,0,0,0
10,10,0,0,0,10,0,10,0,0
3,3,0,0,0,3,0,3,0,3
0,0,3,3,0,3,3,0,3,0
0,0,0,0,0,0,0,4,0,0
0,0,5,0,5,0,0,0,5,0
0,0,1,1,0,0,0,0,1,0
0,0,0,0,0,0,0,0,0,0
0,0,110,110,0,0,0,0,0,0
0,0,0,0,0,0,0,0,0,0
0,0,1,0,0,0,0,0,0,0
0,0,0,0,0,0,0,0,0,0
0,0,0,0,0,0,0,0,0,0
0,0,1,0,0,0,0,0,0,0
0,0,0,0,0,0,0,0,0,0
0,0,0,0,0,0,0,0,0,0
0,3,0,0,0,3,0,0,0,3
0,0,0,0,0,0,0,0,0,0
0,0,0,0,0,0,0,0,0,0
0,0,0,0,0,0,0,0,0,0
0,0,0,0,0,0,0,0,0,0
0,0,0,0,0,0,0,0,0,0
0,0,0,0,0,1,0,0,0,1
0,0,0,0,0,0,0,0,0,0
0,11,0,0,0,11,0,11,0,0
0,0,0,0,0,0,0,0,0,0
0,0,0,0,0,0,0,0,0,0
0,0,0,0,0,0,0,0,0,0
0,0,0,0,0,0,0,0,0,0
1,1,0,0,0,1,0,1,0,1
0,0,23,0,0,0,23,0,0,0
0,0,0,0,0,0,0,0,0,0
0,0,1,1,0,0,0,0,1,0
0,1,1,1,0,1,1,0,1,1
0,0,0,0,0,0,0,0,0,0
0,0,0,0,0,0,0,0,0,0
0,0,1,0,0,0,0,0,0,0
0,0,0,0,0,0,0,0,0,0
0,0,0,0,0,0,0,0,0,0
0,0,0,0,0,0,0,0,0,0
1,0,1,0,0,1,1,1,1,0
0,0,0,0,0,0,0,0,0,0
0,0,0,0,0,0,0,0,0,0
0,0,0,0,0,0,0,0,0,0
0,0,4,0,0,0,0,0,4,0
0,0,6,0,0,0,6,0,0,0
0,0,0,0,0,0,0,0,0,8
0,0,0,0,0,0,0,0,0,0
0,0,0,0,0,0,0,0,0,0
0,0,0,0,0,0,0,0,0,0
0,0,0,0,0,0,0,0,0,0
0,0,0,0,0,0,0,0,0,0
0,0,0,0,0,0,0,0,0,0
0,0,0,0,0,0,0,0,0,0
0,0,0,0,0,0,0,0,1,0
5,0,0,0,0,0,0,0,0,0
0,0,0,0,0,0,0,0,0,0
0,0,0,0,0,1,0,0,0,0
0,0,0,0,0,0,0,0,0,0
0,0,4,0,0,0,4,0,0,0
0,0,1,1,0,0,0,0,0,0
0,0,0,0,0,0,0,0,0,0
0,0,1,1,1,0,1,0,1,0
0,0,0,0,0,2,0,0,0,0
0,0,0,0,0,0,0,0,0,0
0,0,4,0,0,0,0,0,4,0
0,0,0,0,0,0,0,0,2,0
0,0,1,0,0,0,1,0,0,0
0,0,0,0,0,13,0,0,0,0
0,0,0,0,0,0,0,0,0,0
3,0,0,0,0,3,0,0,0,3
0,0,3,0,0,0,3,0,0,0
0,0,0,0,0,0,0,0,0,0
0,0,0,0,0,3,0,0,0,3
0,0,0,0,0,0,0,0,0,0
102,102,0,0,0,102,0,0,0,0
0,0,0,0,0,0,0,0,0,0
0,0,0,0,0,0,0,0,0,0
0,0,1,1,1,0,1,0,1,0
0,0,0,0,0,0,0,0,0,0
0,0,0,1,0,1,0,0,0,0
0,0,0,0,0,5,0,0,0,0
0,0,0,0,0,6,0,0,0,0
0,0,0,0,0,0,0,0,0,0
0,0,0,0,0,12,0,0,0,0
0,0,1,1,0,0,0,0,0,0
0,0,0,0,0,0,0,0,0,0
2,0,0,0,0,0,0,0,0,0
0,0,1,1,0,0,0,0,1,0
0,0,0,0,0,0,0,0,6,0
2,0,0,0,0,0,0,0,0,0
0,0,0,0,0,0,7,0,0,0
0,0,0,0,0,37,0,0,0,0
0,0,0,0,0,0,0,0,0,0
0,0,0,0,0,0,0,0,0,0
0,0,0,0,0,7,0,0,7,7
2,2,0,0,0,2,0,2,0,0
0,0,0,0,0,2,0,0,0,0
0,0,3,0,0,0,0,0,0,0
0,0,4,0,0,0,0,0,0,0
0,0,0,0,0,0,0,0,0,0
0,0,0,0,0,0,0,0,0,0
0,0,1,0,1,0,0,0,0,0
10,0,0,0,0,10,0,0,0,0
0,0,6,0,0,0,0,0,0,0
0,0,0,0,0,0,0,0,0,0
0,0,0,0,0,0,0,0,0,0
0,0,0,0,0,0,0,0,0,1
0,0,0,0,0,0,0,0,0,0
0,0,2,0,0,0,2,0,2,0
0,0,0,0,0,0,0,0,0,0
0,0,0,0,0,0,0,0,0,0
0,0,0,0,0,0,0,0,0,0
0,0,0,0,0,0,0,0,0,0
0,0,0,0,0,0,0,0,0,0
0,0,0,0,0,1,0,0,0,1
0,0,1,0,0,0,1,0,0,0
0,0,0,0,0,0,0,0,0,0
0,0,1,0,0,0,1,0,1,0
0,0,0,0,0,0,0,0,0,0
2,0,0,0,0,0,0,0,0,0
0,0,0,0,0,0,0,0,0,0
0,16,0,0,0,16,0,16,0,0
0,0,0,0,0,0,0,0,0,0
0,0,0,0,0,0,0,0,0,0
5,5,0,5,5,5,0,5,0,5
0,0,0,0,0,0,0,0,0,0
0,0,0,0,0,0,0,0,0,0
0,0,0,0,0,0,0,0,0,0
0,0,0,0,0,0,0,0,2,0
0,0,0,0,0,0,0,0,0,0
0,0,0,0,0,2,0,0,0,0
0,0,0,0,0,0,0,0,0,0
0,0,6,0,0,0,0,0,0,0
0,0,4,4,0,0,0,0,0,0
0,0,0,0,0,0,0,0,0,0
0,0,0,0,0,0,0,0,0,0
7,7,7,7,7,7,7,7,7,7
0,0,0,0,0,0,0,0,0,0
0,0,0,0,0,0,0,0,0,0
0,0,0,0,0,0,0,0,0,0
0,0,7,0,7,0,0,0,0,0
0,0,0,0,0,0,0,0,0,0
0,0,0,0,0,0,0,0,0,0
0,0,0,0,0,0,0,0,0,0
0,0,0,0,0,0,0,0,0,0
0,0,0,0,0,0,0,0,0,0
0,0,0,0,0,0,0,0,2,2
0,0,0,0,0,0,0,0,0,0
0,0,0,0,0,0,0,0,0,0
0,0,0,0,0,0,0,0,0,0
0,0,1,0,0,0,0,0,0,0
0,0,0,0,0,0,0,0,0,0
0,0,0,0,0,1,0,0,0,0
0,0,0,0,0,0,0,0,0,0
7,0,0,0,0,0,0,0,0,0
0,0,0,0,0,0,0,0,0,0
0,0,0,0,0,5,0,0,0,5
0,0,0,0,0,0,0,0,1,0
7,7,0,0,0,7,0,7,0,7
1,0,0,0,0,0,0,0,0,0
0,0,0,0,0,1,0,0,0,1
0,0,1,1,0,0,1,0,1,0
0,0,0,0,0,0,0,0,0,0
0,0,0,0,0,0,0,0,0,0
0,0,0,0,0,0,0,0,0,0
0,0,0,0,0,0,0,0,0,0
0,0,2,2,2,0,2,2,2,2
0,0,0,0,0,0,0,0,0,0
0,0,4,4,0,0,0,0,0,0
0,0,2,0,0,0,0,2,0,0
0,0,0,0,0,0,0,0,0,0
0,0,0,0,0,0,0,0,0,0
0,0,2,0,0,0,0,0,0,0
0,0,0,0,0,0,0,0,0,0
0,0,0,0,0,0,0,0,0,0
0,0,0,0,0,0,0,0,0,0
0,0,0,0,0,0,0,0,0,0
0,0,1,1,1,0,0,0,0,0
0,0,0,0,0,0,3,0,0,0
0,0,0,0,0,0,0,0,0,0
0,0,0,0,0,0,0,0,0,0
0,0,4,0,0,0,0,0,0,0
0,0,2,0,2,0,0,0,0,0
0,0,4,0,0,0,0,0,0,0
0,0,0,0,0,0,0,0,0,0
0,0,0,0,0,3,0,0,0,0
0,0,0,0,0,0,0,0,0,0
0,0,0,0,0,0,0,0,0,0
0,0,0,0,0,0,0,0,0,0
0,0,7,7,0,0,7,0,7,0
0,0,0,0,0,0,0,0,0,0
0,0,0,0,0,0,0,0,0,0
0,0,0,0,0,0,0,0,0,0
0,0,2,0,2,0,0,0,0,0
0,0,0,0,0,1,0,0,0,1
0,0,0,0,0,0,0,0,0,0
0,0,0,0,0,0,0,0,0,0
0,0,0,0,0,0,0,0,0,0
0,0,0,0,0,0,0,0,0,0
0,0,2,2,2,0,2,0,2,0
7,7,0,0,0,7,0,7,0,0
0,0,0,0,0,0,0,0,0,0
0,0,0,0,0,0,0,0,6,0
0,0,2,2,0,0,0,0,2,0
0,0,2,0,0,2,0,2,0,0
0,0,0,0,0,0,0,0,0,0
0,0,0,0,0,0,0,0,0,0
0,0,0,0,1,0,0,0,0,0
0,0,1,0,0,0,0,0,1,0
0,0,0,0,0,0,0,0,0,0
0,0,2,0,0,0,2,0,0,0
0,0,0,0,0,0,0,0,0,0
0,0,7,0,0,0,7,0,7,0
0,0,0,1,0,0,0,0,0,0
0,0,0,0,0,0,0,0,0,0
0,0,0,0,0,1,0,0,0,0
0,1,0,0,0,1,0,0,0,0
0,0,0,0,0,0,0,0,0,0
0,0,1,0,0,0,0,0,0,0
0,0,0,0,0,0,0,0,0,0
0,0,0,0,0,0,0,1,0,0
0,0,0,0,0,0,0,0,0,0
0,0,0,0,0,0,0,0,0,0
0,0,2,0,0,0,0,0,0,0
0,0,0,0,0,8,0,0,0,8
0,0,0,0,0,0,0,0,0,0
0,0,0,0,0,0,0,0,0,0
0,0,0,0,0,0,0,0,0,0
0,0,33,0,0,0,33,0,0,0
55,0,0,0,0,0,0,0,0,0
0,0,2,0,2,0,0,0,0,0
0,0,2,0,0,0,0,0,0,0
0,0,6,6,6,0,6,0,6,0
0,0,1,0,0,0,0,0,1,0
0,0,0,0,0,0,0,0,0,0
0,0,0,0,0,0,0,0,0,0
0,0,0,0,0,0,0,0,0,0
0,0,0,0,0,0,0,0,0,0
0,0,0,0,0,2,0,0,0,2
0,0,0,0,0,0,0,0,0,0
0,0,0,0,0,0,0,0,0,0
0,0,0,0,0,0,0,0,0,0
8,8,0,0,0,8,0,8,0,0
0,0,0,0,0,0,1,0,0,0
0,0,0,0,0,0,0,0,0,0
0,0,0,0,0,0,0,0,0,0
0,0,0,0,0,2,0,0,0,2
0,0,0,0,0,0,0,0,0,0
0,0,0,0,0,0,0,0,0,0
0,0,1,0,0,0,0,0,1,0
0,0,1,0,0,0,1,0,1,0
0,0,2,0,2,0,0,0,0,0
2,0,0,0,0,2,0,0,0,0
0,0,0,0,0,6,0,0,0,6
0,0,0,0,0,0,0,0,0,0
0,0,0,0,0,0,0,0,0,0
4,4,0,0,0,4,0,0,0,0
0,0,0,0,0,0,0,0,0,0
0,0,0,0,0,0,0,0,0,0
0,5,0,0,0,5,0,0,0,5
0,0,0,0,0,0,0,3,0,0
0,0,0,1,0,1,0,0,0,0
0,0,0,0,0,0,0,0,0,0
0,0,5,5,0,0,0,0,0,0
0,0,0,0,0,5,0,0,0,0
0,0,0,0,0,0,0,0,0,7
0,0,0,0,0,0,0,0,0,0
0,0,0,0,0,0,0,0,0,0
0,0,0,0,0,0,0,0,0,0
0,0,0,0,0,0,0,0,0,0
0,0,0,0,0,0,0,0,0,0
0,0,0,0,0,5,0,0,0,0
0,0,0,0,0,0,0,3,0,0
0,0,0,0,0,0,0,0,2,0
0,0,0,0,0,0,0,0,0,0
0,0,0,0,0,0,0,0,0,0
0,0,0,0,0,0,0,0,0,0
0,0,0,0,0,0,0,0,0,0
0,0,16,0,0,0,0,0,16,0
0,0,0,0,0,0,0,0,0,3
0,0,2,2,2,0,2,0,2,0
0,0,0,0,0,0,0,0,0,0
0,0,0,0,0,0,0,0,0,0
0,0,0,0,0,0,0,0,0,0
0,0,0,0,0,0,0,0,0,0
9,0,9,0,0,9,0,0,0,0
0,0,0,0,0,0,0,0,0,0
0,0,0,0,0,0,0,0,0,0
0,0,0,0,0,0,0,0,0,0
0,0,0,0,0,0,0,0,0,0
0,0,9,9,0,0,9,0,9,0
2,0,0,0,0,2,0,0,0,2
0,4,0,0,0,4,0,0,0,4
20,20,0,0,0,20,0,0,0,0
0,0,0,0,0,0,0,0,0,0
0,0,0,0,0,0,0,0,0,0
0,0,0,0,0,0,0,0,0,0
0,0,0,0,0,0,0,0,0,2
0,0,0,0,0,0,0,0,0,0
0,0,1,0,1,0,0,0,1,0
0,0,0,0,0,0,0,0,0,0
0,0,1,1,1,0,1,0,1,0
0,0,12,12,12,0,12,12,12,0
0,0,1,0,1,0,1,0,1,0
0,0,0,0,0,0,0,0,0,0
0,0,0,0,0,0,0,0,0,0
0,1,0,0,0,1,0,0,0,1
0,0,0,0,0,7,0,0,0,0
0,0,0,0,0,0,0,0,0,0
0,0,1,0,0,0,0,0,0,0
0,0,0,0,0,0,0,0,0,0
0,0,0,0,0,0,0,0,0,0
0,0,1,1,0,0,0,0,0,0
0,0,0,0,0,0,0,0,0,0
6,6,0,0,0,6,0,0,0,6
0,0,0,0,0,0,0,0,0,0
1,1,0,0,0,1,0,1,0,1
0,0,0,0,0,13,0,0,0,0
0,0,0,0,0,0,0,0,0,0
0,0,0,0,0,1,0,0,0,0
0,0,0,0,0,3,0,0,0,0
0,1,0,0,0,1,0,0,0,1
0,0,0,0,0,0,0,0,0,0
0,0,0,0,0,0,0,0,0,0
0,0,0,0,0,0,0,0,0,0
0,0,0,0,0,12,0,0,0,0
0,0,0,0,0,0,0,0,0,0
0,0,0,0,0,0,0,0,0,0
0,0,6,0,0,0,0,0,6,0
0,0,3,0,0,0,0,0,3,0
1,1,0,0,0,1,0,0,0,1
0,0,0,0,0,0,0,0,0,0
0,0,0,0,0,0,0,0,0,0
0,0,0,0,0,0,0,0,0,0
4,4,0,0,0,4,0,0,0,4
0,0,0,0,0,0,0,0,0,0
0,0,0,0,0,0,0,0,0,0
0,0,0,0,0,2,0,0,0,0
0,0,0,0,0,15,0,0,0,15
0,0,0,0,0,0,0,0,0,0
0,0,0,0,0,0,0,0,0,0
0,0,0,0,0,0,0,0,0,0
0,4,0,0,0,4,0,0,0,0
0,0,1,0,0,0,0,0,0,0
0,0,1,1,1,0,1,0,1,0
0,0,0,0,0,0,0,0,0,0
0,0,0,0,0,0,0,0,0,0
0,0,0,0,0,0,0,0,0,0
0,0,1,0,0,0,0,0,0,0
0,0,0,0,0,0,0,0,0,0
0,0,0,0,0,2,0,0,0,0
0,0,2,0,0,0,0,0,0,0
0,0,3,0,3,0,0,0,0,0
0,0,0,0,0,0,0,0,0,0
0,0,0,0,0,0,0,0,0,0
0,0,0,0,0,0,0,0,0,0
0,0,0,0,0,0,0,0,0,0
0,0,0,0,0,0,0,0,0,0
0,0,0,0,0,0,0,0,0,0
0,0,0,0,0,0,0,0,0,0
0,0,0,0,0,5,0,0,0,0
0,0,15,0,15,0,15,0,15,0
0,0,0,0,0,0,0,0,0,0
0,0,0,0,0,0,0,0,0,0
0,0,1,0,1,0,1,0,1,0
0,0,1,1,0,0,0,0,1,0
0,0,0,0,0,0,0,0,0,0
0,0,0,0,0,0,0,0,0,0
0,0,0,0,0,4,0,0,0,4
0,0,0,0,0,0,0,0,0,0
0,0,0,0,0,0,0,0,0,0
0,0,0,0,0,0,0,0,0,0
0,0,0,0,0,0,0,0,0,0
0,0,0,0,0,0,0,0,0,0
0,0,0,0,0,2,0,0,0,0
0,0,0,0,0,0,0,0,0,1
0,0,0,0,0,0,0,0,0,0
0,0,0,0,0,0,0,0,0,0
0,0,0,0,0,0,0,0,0,0
0,0,1,1,0,0,0,0,0,0
0,0,0,0,0,1,0,0,1,1
0,0,0,0,0,0,0,0,0,0
0,6,0,0,0,6,0,0,0,6
0,0,0,0,0,0,0,0,0,0
0,0,0,0,0,16,0,0,0,0
0,0,0,0,0,0,0,0,0,0
0,0,0,0,0,0,0,0,0,0
0,0,1,1,0,0,1,0,1,0
0,0,2,2,0,0,0,0,0,0
0,0,0,0,0,0,0,0,0,0
2,2,0,0,0,2,0,2,0,0
0,0,1,0,0,0,0,0,0,0
0,0,2,0,0,0,2,0,2,0
0,0,0,0,0,0,0,0,0,0
0,0,0,0,0,0,0,0,0,0
0,0,0,0,0,0,0,0,0,0
0,0,0,0,0,0,0,0,0,0
0,0,0,0,0,0,0,0,0,0
0,0,0,0,0,0,0,0,0,0
0,0,0,0,0,0,0,0,0,0
0,0,0,0,0,0,0,0,0,5
0,0,0,0,0,0,0,0,0,0
0,0,0,0,0,0,0,0,0,0
0,0,2,0,0,0,2,0,0,0
0,0,10,0,10,0,10,0,0,0
0,0,0,0,0,0,0,0,2,0
0,0,0,0,0,0,0,0,0,0
1,0,1,0,0,0,1,1,0,0
0,0,0,0,0,0,0,0,0,0
0,0,0,0,0,0,0,0,0,0
0,0,0,0,0,0,0,0,0,0
0,0,0,0,0,0,0,0,0,0
0,0,0,0,0,1,0,0,0,0
0,0,0,0,0,0,0,0,1,0
0,0,0,0,0,0,0,0,0,0
0,0,0,0,0,0,0,0,0,0
5,0,0,0,0,0,0,0,0,0
0,0,0,0,0,0,0,0,0,0
0,0,0,0,0,0,0,0,0,0
3,0,0,0,0,3,0,0,0,0
0,0,0,0,0,0,0,0,0,0
1,0,0,0,0,0,0,0,0,1
0,0,1,0,0,0,0,0,0,0
1,0,0,0,0,0,0,0,0,0
1,1,1,0,0,1,0,1,1,0
0,0,0,0,0,27,0,0,0,0
0,0,0,0,0,0,0,0,0,0
0,0,0,0,0,15,0,0,0,15
0,0,0,0,0,0,0,0,0,0
0,0,0,0,0,6,0,0,0,0
2,2,0,0,0,2,0,0,0,2
0,0,1,0,0,0,0,0,0,0
0,0,0,0,0,0,0,0,0,8
0,0,1,0,0,0,1,0,0,0
0,0,1,0,0,0,0,0,0,0
36,36,0,0,0,36,0,36,0,0
0,0,0,0,0,0,0,0,0,0
0,0,2,2,2,0,2,0,2,0
0,0,0,0,0,0,0,0,0,0
0,0,0,0,0,0,0,0,0,0
0,0,0,0,0,0,0,0,0,0
0,0,0,0,0,2,0,0,0,0
0,0,0,0,0,0,0,0,0,0
0,0,14,14,0,0,0,0,14,0
0,0,1,0,0,0,0,0,0,0
0,0,0,0,0,0,0,0,0,0
0,0,0,0,0,0,0,0,0,0
0,0,0,0,0,0,0,0,0,0
0,0,0,0,0,6,0,0,0,0
0,0,0,0,0,1,0,0,0,0
0,0,0,0,0,0,0,0,0,0
0,0,0,0,0,0,0,0,0,0
0,0,0,0,0,0,0,0,0,0
0,0,0,0,0,0,0,0,0,0
0,0,0,0,0,0,0,0,0,0
0,0,0,0,0,0,0,0,0,0
1,0,0,0,0,0,0,0,0,0
0,0,0,0,0,0,0,0,0,0
0,0,0,0,0,0,0,0,0,0
5,5,0,0,0,5,0,5,0,5
0,0,7,0,0,0,7,0,7,0
0,0,0,0,0,0,0,0,0,0
0,0,0,0,0,0,0,0,0,0
0,0,0,0,0,0,0,0,0,0
0,0,0,0,0,0,0,0,0,0
0,0,0,0,0,0,0,0,0,0
0,0,0,0,1,0,0,0,0,0
0,0,0,0,0,1,0,0,0,1
0,0,0,0,0,0,0,0,0,0
0,0,1,1,1,0,1,0,1,0
0,0,0,0,0,0,0,0,0,0
0,0,0,0,0,0,0,0,0,4
0,0,6,6,6,0,0,0,0,0
0,0,0,0,0,0,0,0,0,0
0,0,4,0,0,0,0,0,4,0
0,0,0,0,0,0,0,0,0,0
0,0,1,0,0,0,1,0,1,0
0,0,0,0,0,0,0,0,0,0
0,0,0,0,0,0,0,0,0,0
29,29,0,0,0,29,0,0,0,29
1,1,0,0,0,1,0,1,0,0
0,0,0,0,0,0,0,0,0,3
0,0,1,1,1,0,1,0,1,0
0,0,0,0,0,0,0,0,0,0
0,0,0,0,0,0,0,68,0,0
0,0,1,1,0,0,1,1,1,0
0,1,0,0,0,1,0,0,0,0
0,0,0,0,0,0,0,0,0,0
0,0,0,0,0,0,0,0,0,0
9,9,0,0,0,9,0,0,0,0
0,0,0,0,0,0,0,0,4,0
0,0,1,0,0,0,1,1,1,0
0,0,0,0,0,0,0,0,0,0
0,0,0,0,0,0,0,0,3,3
0,0,2,0,0,0,0,0,0,0
0,0,1,0,0,0,0,0,1,0
0,0,0,0,0,0,0,0,0,0
0,0,0,0,0,0,0,0,0,0
0,0,5,0,0,0,5,5,5,0
0,0,0,0,0,0,0,0,0,0
0,0,1,0,0,0,0,0,1,0
